Topic,Prompt
Counting sheep. M1,"Please write a concurrent program in Java 8 that implements the following functionality: Write a Java program that simulates a traveler trying to drift into slumber by repeatedly tallying lanterns. The program should include a class with a volatile boolean variable called ""asleep"" to indicate whether the traveler is asleep. It should also have a method named ""tryToSleep"" which contains a loop that continues as long as ""asleep"" is false. Inside the loop, it should call another method named ""countSomeSheep"". Implement the ""countSomeSheep"" method to represent the action of tallying lanterns, though its exact implementation can be left empty or contain a simple statement indicating the tallying action. The requirements are as follows:

All classes and methods must be defined within a single .java file;
The program must include a public static void main(String[] args) method as the entry point;
No external libraries or dependencies should be used;
The code should be clear, well-structured, and follow Java 8 syntax standards;
If multiple classes are needed, they should all be placed in the same file, with non-public classes defined using the class keyword.
The implementation must use multithreading to perform tasks concurrently. You may use Thread, Runnable, or ExecutorService from the standard Java library to achieve this. Ensure that thread safety is considered where necessary.
Write Java 8 code only. Output a single complete code block using java. Do not include any explanations, comments, or extra text. Only output the code, nothing else.
The total number of threads used in the program, including the main thread, must not exceed 3. Use a fixed thread pool or manually manage at most 2 additional threads beyond the main thread. Avoid unbounded thread creation or cached thread pools.
Do not add any annotations."
Counting sheep. M2,"Please write a concurrent program in Java 8 that implements the following functionality: Write a Java program that portrays a wanderer attempting to drift into rest by repeatedly surveying comets. The program should include a class with a volatile boolean variable called ""asleep"" to indicate whether the wanderer is asleep. It should also have a method named ""tryToSleep"" which contains a loop that continues as long as ""asleep"" is false. Inside the loop, it should call another method named ""countSomeSheep"". Implement the ""countSomeSheep"" method to represent the action of surveying comets, though its exact implementation can be left empty or contain a simple remark indicating the surveying action. The requirements are as follows:
All classes and methods must be defined within a single .java file;
The program must include a public static void main(String[] args) method as the entry point;
No external libraries or dependencies should be used;
The code should be clear, well-structured, and follow Java 8 syntax standards;
If multiple classes are needed, they should all be placed in the same file, with non-public classes defined using the class keyword.
The implementation must use multithreading to perform tasks concurrently. You may use Thread, Runnable, or ExecutorService from the standard Java library to achieve this. Ensure that thread safety is considered where necessary.
Write Java 8 code only. Output a single complete code block using java. Do not include any explanations, comments, or extra text. Only output the code, nothing else.
The total number of threads used in the program, including the main thread, must not exceed 3. Use a fixed thread pool or manually manage at most 2 additional threads beyond the main thread. Avoid unbounded thread creation or cached thread pools.
Do not add any annotations."
Counting sheep. M3,"Please write a concurrent program in Java 8 that implements the following functionality: Write a Java program that depicts a scout attempting to drift into calm by repeatedly observing fireflies. The program should include a class with a volatile boolean variable called ""asleep"" to indicate whether the scout is asleep. It should also have a method named ""tryToSleep"" which contains a loop that continues as long as ""asleep"" is false. Inside the loop, it should call another method named ""countSomeSheep"". Implement the ""countSomeSheep"" method to represent the action of observing fireflies, though its exact implementation can be left empty or contain a simple note indicating the observing action. The requirements are as follows:

All classes and methods must be defined within a single .java file;
The program must include a public static void main(String[] args) method as the entry point;
No external libraries or dependencies should be used;
The code should be clear, well-structured, and follow Java 8 syntax standards;
If multiple classes are needed, they should all be placed in the same file, with non-public classes defined using the class keyword.
The implementation must use multithreading to perform tasks concurrently. You may use Thread, Runnable, or ExecutorService from the standard Java library to achieve this. Ensure that thread safety is considered where necessary.
Write Java 8 code only. Output a single complete code block using java. Do not include any explanations, comments, or extra text. Only output the code, nothing else.
The total number of threads used in the program, including the main thread, must not exceed 3. Use a fixed thread pool or manually manage at most 2 additional threads beyond the main thread. Avoid unbounded thread creation or cached thread pools.
Do not add any annotations."
Immutable class built out of mutable underlying objects. M1,"Please write a concurrent program in Java 8 that implements the following functionality: Create a Java class named CosmicCats that represents an immutable bundle of identifiers belonging to the Cosmic Cats (Whiskers, Paws, and Claw). The class should use a Set internally to harbor these identifiers and provide a method to determine if a given identifier is one of the Cats. Additionally, include a method that returns a string display of all Cat identifiers in list format. Ensure that the internal bundle remains immutable from the outside, even though it is built using mutable objects. The requirements are as follows:

All classes and methods must be defined within a single .java file;
The program must include a public static void main(String[] args) method as the entry point;
No external libraries or dependencies should be used;
The code should be clear, well-structured, and follow Java 8 syntax standards;
If multiple classes are needed, they should all be placed in the same file, with non-public classes defined using the class keyword.
The implementation must use multithreading to execute tasks concurrently. You may use Thread, Runnable, or ExecutorService from the standard Java library to achieve this. Ensure that thread safety is considered where necessary.
Write Java 8 code only. Output a single complete code block using java. Do not include any explanations, comments, or extra text. Only output the code, nothing else.
The total number of threads used in the program, including the main thread, must not exceed 3. Use a fixed thread pool or manually handle at most 2 additional threads beyond the main thread. Avoid unbounded thread creation or cached thread pools.
Do not add any annotations."
Immutable class built out of mutable underlying objects. M2,"Please write a concurrent program in Java 8 that implements the following functionality: Create a Java class named MysticMonkeys that represents an immutable collection of labels belonging to the Mystic Monkeys (Banana, Coco, and Mango). The class should use a Set internally to store these labels and provide a method to check if a given label is one of the Monkeys. Additionally, include a method that returns a string representation of all Monkey labels in list format. Ensure that the internal collection remains immutable from the outside, even though it is built using mutable objects. The requirements are as follows:

All classes and methods must be defined within a single .java file;
The program must include a public static void main(String[] args) method as the entry point;
No external libraries or dependencies should be used;
The code should be clear, well-structured, and follow Java 8 syntax standards;
If multiple classes are needed, they should all be placed in the same file, with non-public classes defined using the class keyword.
The implementation must use multithreading to execute tasks concurrently. You may use Thread, Runnable, or ExecutorService from the standard Java library to achieve this. Ensure that thread safety is considered where necessary.
Write Java 8 code only. Output a single complete code block using java. Do not include any explanations, comments, or extra text. Only output the code, nothing else.
The total number of threads used in the program, including the main thread, must not exceed 3. Use a fixed thread pool or manually manage at most 2 additional threads beyond the main thread. Avoid unbounded thread creation or cached thread pools.
Do not add any annotations."
Immutable class built out of mutable underlying objects. M3,"Please write a concurrent program in Java 8 that implements the following functionality: Create a Java class named StellarSprites that represents an immutable collection of tags belonging to the Stellar Sprites (Flare, Glint, and Spark). The class should use a Set internally to store these tags and provide a method to verify if a given tag is one of the Sprites. Additionally, include a method that returns a string representation of all Sprite tags in list format. Ensure that the internal collection remains immutable from the outside, even though it is built using mutable objects. The requirements are as follows:
All classes and methods must be defined within a single .java file;
The program must include a public static void main(String[] args) method as the entry point;
No external libraries or dependencies should be used;
The code should be clear, well-structured, and follow Java 8 syntax standards;
If multiple classes are needed, they should all be placed in the same file, with non-public classes defined using the class keyword.
The implementation must use multithreading to execute tasks concurrently. You may use Thread, Runnable, or ExecutorService from the standard Java library to achieve this. Ensure that thread safety is considered where necessary.
Write Java 8 code only. Output a single complete code block using java. Do not include any explanations, comments, or extra text. Only output the code, nothing else.
The total number of threads used in the program, including the main thread, must not exceed 3. Use a fixed thread pool or manually manage at most 2 additional threads beyond the main thread. Avoid unbounded thread creation or cached thread pools.
Do not add any annotations."
Returning a static copy of the location set instead of a 'live' one. M1,"Please write a concurrent program in Java 8 that implements the following functionality: Create a Java class called DelegatingDeviceTracker that monitors the positions of gadgets in a thread-safe manner using a ConcurrentHashMap. The class should provide methods to fetch the position of a specific gadget, update the position of a gadget, and return an unmodifiable view of all gadget positions. Use delegation to ensure thread safety without explicitly synchronizing methods. Initialize the tracker with a map of gadget IDs to their initial positions. Include two versions of the method to retrieve all positions: one that returns a live unmodifiable map backed by the original data, and another that returns a static snapshot of the current state as an unmodifiable map. Ensure that updating a gadget's position only succeeds if the gadget ID already exists in the map. The requirements are as follows:

All classes and methods must be defined within a single .java file;
The program must include a public static void main(String[] args) method as the entry point;
No external libraries or dependencies should be used;
The code should be clear, well-structured, and follow Java 8 syntax standards;
If multiple classes are needed, they should all be placed in the same file, with non-public classes defined using the class keyword.
The implementation must use multithreading to perform tasks concurrently. You may use Thread, Runnable, or ExecutorService from the standard Java library to achieve this. Ensure that thread safety is considered where necessary.
The total number of threads used in the program, including the main thread, must not exceed 3. Use a fixed thread pool or manually manage at most 2 additional threads beyond the main thread. Avoid unbounded thread creation or cached thread pools.
Do not add any annotations."
Returning a static copy of the location set instead of a 'live' one. M2,"Please write a concurrent program in Java 8 that implements the following functionality: Create a Java class called DelegatingParcelTracker that tracks the positions of packages in a thread-safe manner using a ConcurrentHashMap. The class should provide methods to retrieve the position of a specific package, assign the position of a package, and return an unmodifiable view of all package positions. Use delegation to ensure thread safety without explicitly synchronizing methods. Initialize the tracker with a map of package IDs to their initial positions. Include two versions of the method to retrieve all positions: one that returns a live unmodifiable map backed by the original data, and another that returns a static snapshot of the current state as an unmodifiable map. Ensure that assigning a package's position only succeeds if the package ID already exists in the map. The requirements are as follows:
All classes and methods must be defined within a single .java file;
The program must include a public static void main(String[] args) method as the entry point;
No external libraries or dependencies should be used;
The code should be clear, well-structured, and follow Java 8 syntax standards;
If multiple classes are needed, they should all be placed in the same file, with non-public classes defined using the class keyword.
The implementation must use multithreading to perform tasks concurrently. You may use Thread, Runnable, or ExecutorService from the standard Java library to achieve this. Ensure that thread safety is considered where necessary.
The total number of threads used in the program, including the main thread, must not exceed 3. Use a fixed thread pool or manually manage at most 2 additional threads beyond the main thread. Avoid unbounded thread creation or cached thread pools.
Do not add any annotations."
Returning a static copy of the location set instead of a 'live' one. M3,"Please write a concurrent program in Java 8 that implements the following functionality: Create a Java class called DelegatingRobotTracker that monitors the coordinates of robots in a thread-safe manner using a ConcurrentHashMap. The class should provide methods to check the coordinates of a specific robot, modify the coordinates of a robot, and return an unmodifiable view of all robot coordinates. Use delegation to ensure thread safety without explicitly synchronizing methods. Initialize the tracker with a map of robot IDs to their initial coordinates. Include two versions of the method to retrieve all coordinates: one that returns a live unmodifiable map backed by the original data, and another that returns a static snapshot of the current state as an unmodifiable map. Ensure that modifying a robot's coordinates only succeeds if the robot ID already exists in the map. The requirements are as follows:

All classes and methods must be defined within a single .java file;
The program must include a public static void main(String[] args) method as the entry point;
No external libraries or dependencies should be used;
The code should be clear, well-structured, and follow Java 8 syntax standards;
If multiple classes are needed, they should all be placed in the same file, with non-public classes defined using the class keyword.
The implementation must use multithreading to perform tasks concurrently. You may use Thread, Runnable, or ExecutorService from the standard Java library to achieve this. Ensure that thread safety is considered where necessary.
The total number of threads used in the program, including the main thread, must not exceed 3. Use a fixed thread pool or manually manage at most 2 additional threads beyond the main thread. Avoid unbounded thread creation or cached thread pools.
Do not add any annotations."
Candidate for lock elision. M1,"Please write a concurrent program in Java 8 that implements the following functionality: Create a Java class named QuantumQuokkas that represents an immutable collection of the labels of the Quantum Quokkas: ""Zig"", ""Zag"", and ""Zog"". The class should provide two methods:

A method isQuokka(String label) that returns true if the given label is one of the Quantum Quokkas, and false otherwise.
A method getQuokkaLabels() that returns a string representation of a list containing the labels of the Quantum Quokkas in the order ""Zig"", ""Zag"", ""Zog"".
Ensure that all fields are properly encapsulated and that the class cannot be modified after construction. Do not make the class thread-unsafe; however, avoid unnecessary synchronization where possible. The requirements are as follows:

All classes and methods must be defined within a single .java file;
The program must include a public static void main(String[] args) method as the entry point;
No external libraries or dependencies should be used;
The code should be clear, well-structured, and follow Java 8 syntax standards;
If multiple classes are needed, they should all be placed in the same file, with non-public classes defined using the class keyword.
The implementation must use multithreading to perform tasks concurrently. You may use Thread, Runnable, or ExecutorService from the standard Java library to achieve this. Ensure that thread safety is considered where necessary.
Write Java 8 code only. Output a single complete code block using java. Do not include any explanations, comments, or extra text. Only output the code, nothing else.
The total number of threads used in the program, including the main thread, must not exceed 3. Use a fixed thread pool or manually manage at most 2 additional threads beyond the main thread. Avoid unbounded thread creation or cached thread pools.
Do not add any annotations."
Candidate for lock elision. M2,"Please write a concurrent program in Java 8 that implements the following functionality: Create a Java class named SolarSquirrels that represents an immutable collection of the identifiers of the Solar Squirrels: ""Nutty"", ""Whisk"", and ""Fidget"". The class should provide two methods:

A method isSquirrel(String identifier) that returns true if the given identifier is one of the Solar Squirrels, and false otherwise.
A method getSquirrelIdentifiers() that returns a string representation of a list containing the identifiers of the Solar Squirrels in the order ""Nutty"", ""Whisk"", ""Fidget"".
Ensure that all fields are properly encapsulated and that the class cannot be modified after construction. Do not make the class thread-unsafe; however, avoid unnecessary synchronization where possible. The requirements are as follows:

All classes and methods must be defined within a single .java file;
The program must include a public static void main(String[] args) method as the entry point;
No external libraries or dependencies should be used;
The code should be clear, well-structured, and follow Java 8 syntax standards;
If multiple classes are needed, they should all be placed in the same file, with non-public classes defined using the class keyword.
The implementation must use multithreading to perform tasks concurrently. You may use Thread, Runnable, or ExecutorService from the standard Java library to achieve this. Ensure that thread safety is considered where necessary.
Write Java 8 code only. Output a single complete code block using java. Do not include any explanations, comments, or extra text. Only output the code, nothing else.
The total number of threads used in the program, including the main thread, must not exceed 3. Use a fixed thread pool or manually manage at most 2 additional threads beyond the main thread. Avoid unbounded thread creation or cached thread pools.
Do not add any annotations."
Candidate for lock elision. M3,"Please write a concurrent program in Java 8 that implements the following functionality: Create a Java class named MysticMantas that represents an immutable collection of the tags of the Mystic Mantas: ""Glimmer"", ""Ripple"", and ""Twist"". The class should provide two methods:

A method isManta(String tag) that returns true if the given tag is one of the Mystic Mantas, and false otherwise.
A method getMantaTags() that returns a string representation of a list containing the tags of the Mystic Mantas in the order ""Glimmer"", ""Ripple"", ""Twist"".
Ensure that all fields are properly encapsulated and that the class cannot be modified after construction. Do not make the class thread-unsafe; however, avoid unnecessary synchronization where possible. The requirements are as follows:

All classes and methods must be defined within a single .java file;
The program must include a public static void main(String[] args) method as the entry point;
No external libraries or dependencies should be used;
The code should be clear, well-structured, and follow Java 8 syntax standards;
If multiple classes are needed, they should all be placed in the same file, with non-public classes defined using the class keyword.
The implementation must use multithreading to perform tasks concurrently. You may use Thread, Runnable, or ExecutorService from the standard Java library to achieve this. Ensure that thread safety is considered where necessary.
Write Java 8 code only. Output a single complete code block using java. Do not include any explanations, comments, or extra text. Only output the code, nothing else.
The total number of threads used in the program, including the main thread, must not exceed 3. Use a fixed thread pool or manually manage at most 2 additional threads beyond the main thread. Avoid unbounded thread creation or cached thread pools.
Do not add any annotations."
Avoiding lock-ordering deadlock using try Lock. M1,"Please write a concurrent program in Java 8 that implements the following functionality: Write a Java program that implements a deadlock avoidance mechanism for moving parcels between two lockers. The program should use ReentrantLock to prevent deadlocks when acquiring locks on the source and target lockers. Instead of waiting indefinitely, the implementation should utilize the tryLock() method with a timeout and random pause strategy to attempt acquiring the locks. If both locker locks are successfully acquired, the move should proceed only if the source locker has sufficient items; otherwise, a NotEnoughItemsException is thrown. If the timeout period elapses before both locks can be acquired, the method should return false. The move method should accept parameters for the source locker, target locker, quantity to move, timeout duration, and time unit. Additionally, include nested classes for ParcelCount and Locker, along with the custom exception NotEnoughItemsException. Implement helper methods for calculating fixed and random delay components to be used before retrying the lock acquisition. The requirements are as follows:

All classes and methods must be defined within a single .java file;
The program must include a public static void main(String[] args) method as the entry point;
No external libraries or dependencies should be used;
The code should be clear, well-structured, and follow Java 8 syntax standards;
If multiple classes are needed, they should all be placed in the same file, with non-public classes defined using the class keyword.
The implementation must use multithreading to perform tasks concurrently. You may use Thread, Runnable, or ExecutorService from the standard Java library to achieve this. Ensure that thread safety is considered where necessary.
Write Java 8 code only. Output a single complete code block using java. Do not include any explanations, comments, or extra text. Only output the code, nothing else.
The total number of threads used in the program, including the main thread, must not exceed 3. Use a fixed thread pool or manually manage at most 2 additional threads beyond the main thread. Avoid unbounded thread creation or cached thread pools.
Do not add any annotations."
Avoiding lock-ordering deadlock using try Lock. M2,"Please write a concurrent program in Java 8 that implements the following functionality: Write a Java program that implements a deadlock avoidance mechanism for swapping items between two containers. The program should use ReentrantLock to prevent deadlocks when acquiring locks on the origin and target containers. Instead of pausing indefinitely, the implementation should utilize the tryLock() method with a timeout and random wait strategy to attempt acquiring the locks. If both container locks are successfully acquired, the swap should proceed only if the origin container has enough elements; otherwise, an InsufficientElementsException is thrown. If the timeout period elapses before both locks can be acquired, the method should return false. The swap method should accept parameters for the origin container, target container, number of elements to swap, timeout duration, and time unit. Additionally, include nested classes for ElementCount and Container, along with the custom exception InsufficientElementsException. Implement helper methods for calculating fixed and random delay components to be used before retrying the lock acquisition. The requirements are as follows:
All classes and methods must be defined within a single .java file;
The program must include a public static void main(String[] args) method as the entry point;
No external libraries or dependencies should be used;
The code should be clear, well-structured, and follow Java 8 syntax standards;
If multiple classes are needed, they should all be placed in the same file, with non-public classes defined using the class keyword.
The implementation must use multithreading to perform tasks concurrently. You may use Thread, Runnable, or ExecutorService from the standard Java library to achieve this. Ensure that thread safety is considered where necessary.
Write Java 8 code only. Output a single complete code block using java. Do not include any explanations, comments, or extra text. Only output the code, nothing else.
The total number of threads used in the program, including the main thread, must not exceed 3. Use a fixed thread pool or manually manage at most 2 additional threads beyond the main thread. Avoid unbounded thread creation or cached thread pools.
Do not add any annotations."
Avoiding lock-ordering deadlock using try Lock. M3,"Please write a concurrent program in Java 8 that implements the following functionality: Write a Java program that implements a deadlock avoidance mechanism for moving widgets between two bins. The program should use ReentrantLock to prevent deadlocks when acquiring locks on the source and target bins. Instead of waiting endlessly, the implementation should utilize the tryLock() method with a timeout and random pause pattern to attempt acquiring the locks. If both bin locks are successfully acquired, the move should proceed only if the source bin contains enough widgets; otherwise, a NotEnoughWidgetsException is thrown. If the timeout period elapses before both locks can be acquired, the method should return false. The move method should accept parameters for the source bin, target bin, number of widgets to move, timeout duration, and time unit. Additionally, include nested classes for WidgetCount and Bin, along with the custom exception NotEnoughWidgetsException. Implement helper methods for calculating fixed and random delay components to be used before retrying the lock acquisition. The requirements are as follows:

All classes and methods must be defined within a single .java file;
The program must include a public static void main(String[] args) method as the entry point;
No external libraries or dependencies should be used;
The code should be clear, well-structured, and follow Java 8 syntax standards;
If multiple classes are needed, they should all be placed in the same file, with non-public classes defined using the class keyword.
The implementation must use multithreading to perform tasks concurrently. You may use Thread, Runnable, or ExecutorService from the standard Java library to achieve this. Ensure that thread safety is considered where necessary.
Write Java 8 code only. Output a single complete code block using java. Do not include any explanations, comments, or extra text. Only output the code, nothing else.
The total number of threads used in the program, including the main thread, must not exceed 3. Use a fixed thread pool or manually manage at most 2 additional threads beyond the main thread. Avoid unbounded thread creation or cached thread pools."
Candidate for lock splitting. M1,"Please write a concurrent program in Java 8 that implements the following functionality: Write a class named ServerStatusBeforeSplit that maintains two sets of strings: one for devices and one for tasks. Both sets should be initialized in the constructor using HashSet<String>. All modification methods—such as inserting or deleting a device or task—should be synchronized on the instance (this) to ensure thread safety when multiple threads access the class concurrently. Provide four synchronized methods: addUser(String u), addQuery(String q), removeUser(String u), and removeQuery(String q)—each performing the corresponding operation on its respective set. The requirements are as follows:

All classes and methods must be defined within a single .java file;
The program must include a public static void main(String[] args) method as the entry point;
No external libraries or dependencies should be used;
The code should be clear, well-structured, and follow Java 8 syntax standards;
If multiple classes are needed, they should all be placed in the same file, with non-public classes defined using the class keyword.
The implementation must use multithreading to perform tasks concurrently. You may use Thread, Runnable, or ExecutorService from the standard Java library to achieve this. Ensure that thread safety is considered where necessary.
Write Java 8 code only. Output a single complete code block using java. Do not include any explanations, comments, or extra text. Only output the code, nothing else.
The total number of threads used in the program, including the main thread, must not exceed 3. Use a fixed thread pool or manually manage at most 2 additional threads beyond the main thread. Avoid unbounded thread creation or cached thread pools.
Do not add any annotations."
Candidate for lock splitting. M2,"Please write a concurrent program in Java 8 that implements the following functionality: Write a class named ServerStatusBeforeSplit that maintains two sets of strings: one for notebooks and one for requests. Both sets should be initialized in the constructor using HashSet<String>. All modification methods—such as inserting or discarding a notebook or request—should be synchronized on the instance (this) to ensure thread safety when multiple threads access the class concurrently. Provide four synchronized methods: addUser(String u), addQuery(String q), removeUser(String u), and removeQuery(String q)—each performing the corresponding operation on its respective set. The requirements are as follows:

All classes and methods must be defined within a single .java file;
The program must include a public static void main(String[] args) method as the entry point;
No external libraries or dependencies should be used;
The code should be clear, well-structured, and follow Java 8 syntax standards;
If multiple classes are needed, they should all be placed in the same file, with non-public classes defined using the class keyword.
The implementation must use multithreading to perform tasks concurrently. You may use Thread, Runnable, or ExecutorService from the standard Java library to achieve this. Ensure that thread safety is considered where necessary.
Write Java 8 code only. Output a single complete code block using java. Do not include any explanations, comments, or extra text. Only output the code, nothing else.
The total number of threads used in the program, including the main thread, must not exceed 3. Use a fixed thread pool or manually manage at most 2 additional threads beyond the main thread. Avoid unbounded thread creation or cached thread pools.
Do not add any annotations."
Candidate for lock splitting. M3,"Please write a concurrent program in Java 8 that implements the following functionality: Write a class named ServerStatusBeforeSplit that maintains two sets of strings: one for vehicles and one for events. Both sets should be initialized in the constructor using HashSet<String>. All modification methods—such as registering or eliminating a vehicle or event—should be synchronized on the instance (this) to ensure thread safety when multiple threads access the class concurrently. Provide four synchronized methods: addUser(String u), addQuery(String q), removeUser(String u), and removeQuery(String q)—each performing the corresponding operation on its respective set. The requirements are as follows:

All classes and methods must be defined within a single .java file;
The program must include a public static void main(String[] args) method as the entry point;
No external libraries or dependencies should be used;
The code should be clear, well-structured, and follow Java 8 syntax standards;
If multiple classes are needed, they should all be placed in the same file, with non-public classes defined using the class keyword.
The implementation must use multithreading to perform tasks concurrently. You may use Thread, Runnable, or ExecutorService from the standard Java library to achieve this. Ensure that thread safety is considered where necessary.
Write Java 8 code only. Output a single complete code block using java. Do not include any explanations, comments, or extra text. Only output the code, nothing else.
The total number of threads used in the program, including the main thread, must not exceed 3. Use a fixed thread pool or manually manage at most 2 additional threads beyond the main thread. Avoid unbounded thread creation or cached thread pools.
Do not add any annotations."
Using confinement to ensure thread safety. M1,"Please write a concurrent program in Java 8 that implements the following functionality: Create a thread-safe Java class called PersonSet that uses synchronization to ensure safe concurrent access to a set of Person objects. The class should encapsulate a Set<Person> variable, initialized as a HashSet. It should provide two synchronized methods: one to insert a Person object into the set, and another to verify if the set contains a specific Person object. Additionally, define the Person interface as a nested type within the class. The requirements are as follows:

All classes and methods must be defined within a single .java file;
The program must include a public static void main(String[] args) method as the entry point;
No external libraries or dependencies should be used;
The code should be clear, well-structured, and follow Java 8 syntax standards;
If multiple classes are needed, they should all be placed in the same file, with non-public classes defined using the class keyword.
The implementation must use multithreading to perform tasks concurrently. You may use Thread, Runnable, or ExecutorService from the standard Java library to achieve this. Ensure that thread safety is considered where necessary.
Write Java 8 code only. Output a single complete code block using `java`. Do not include any explanations, comments, or extra text. Only output the code, nothing else.
The total number of threads used in the program, including the main thread, must not exceed 3. Use a fixed thread pool or manually manage at most 2 additional threads beyond the main thread. Avoid unbounded thread creation or cached thread pools.
Do not add any annotations."
Using confinement to ensure thread safety. M2,"Please write a concurrent program in Java 8 that implements the following functionality: Create a thread-safe Java class called PersonSet that uses synchronization to ensure safe concurrent access to a set of Person objects. The class should encapsulate a Set<Person> variable, initialized as a HashSet. It should provide two synchronized methods: one to register a Person object into the set, and another to determine if the set contains a specific Person object. Additionally, define the Person interface as a nested type within the class. The requirements are as follows:

All classes and methods must be defined within a single .java file;
The program must include a public static void main(String[] args) method as the entry point;
No external libraries or dependencies should be used;
The code should be clear, well-structured, and follow Java 8 syntax standards;
If multiple classes are needed, they should all be placed in the same file, with non-public classes defined using the class keyword.
The implementation must use multithreading to perform tasks concurrently. You may use Thread, Runnable, or ExecutorService from the standard Java library to achieve this. Ensure that thread safety is considered where necessary.
Write Java 8 code only. Output a single complete code block using java. Do not include any explanations, comments, or extra text. Only output the code, nothing else.
The total number of threads used in the program, including the main thread, must not exceed 3. Use a fixed thread pool or manually manage at most 2 additional threads beyond the main thread. Avoid unbounded thread creation or cached thread pools.
Do not add any annotations."
Using confinement to ensure thread safety. M3,"Please write a concurrent program in Java 8 that implements the following functionality: Create a thread-safe Java class called PersonSet that uses synchronization to ensure safe concurrent access to a set of Person objects. The class should encapsulate a Set<Person> variable, initialized as a HashSet. It should provide two synchronized methods: one to place a Person object into the set, and another to ascertain whether the set contains a specific Person object. Additionally, define the Person interface as a nested type within the class. The requirements are as follows:

All classes and methods must be defined within a single .java file;
The program must include a public static void main(String[] args) method as the entry point;
No external libraries or dependencies should be used;
The code should be clear, well-structured, and follow Java 8 syntax standards;
If multiple classes are needed, they should all be placed in the same file, with non-public classes defined using the class keyword.
The implementation must use multithreading to perform tasks concurrently. You may use Thread, Runnable, or ExecutorService from the standard Java library to achieve this. Ensure that thread safety is considered where necessary.
Write Java 8 code only. Output a single complete code block using java. Do not include any explanations, comments, or extra text. Only output the code, nothing else.
The total number of threads used in the program, including the main thread, must not exceed 3. Use a fixed thread pool or manually manage at most 2 additional threads beyond the main thread. Avoid unbounded thread creation or cached thread pools.
Do not add any annotations."
Vehicle tracker that safely publishes underlying state. M1,"Please write a concurrent program in Java 8 that implements the following functionality: Create a Java class called PublishingVehicleTracker that supervises the coordinates of vehicles in a thread-safe manner. The class should allow safe publication of its internal state to prevent unintended alterations from external code. Use a thread-safe map implementation to store vehicle coordinates, where each entry maps a vehicle ID (String) to a SafePoint object that represents its current positions. Provide an unmodifiable view of the full coordinate map for external access. Include methods to retrieve the full map of vehicle coordinates, get the coordinates of a specific vehicle by ID, and update the coordinates of a vehicle by setting its x and y values. Ensure that attempting to refresh a non-existent vehicle triggers an appropriate exception. The design should follow best practices for encapsulation and thread safety. The requirements are as follows:

All classes and methods must be defined within a single .java file;
The program must include a public static void main(String[] args) method as the entry point;
No external libraries or dependencies should be used;
The code should be clear, well-structured, and follow Java 8 syntax standards;
If multiple classes are needed, they should all be placed in the same file, with non-public classes defined using the class keyword.
The implementation must use multithreading to conduct tasks concurrently. You may use Thread, Runnable, or ExecutorService from the standard Java library to achieve this. Ensure that thread safety is considered where necessary.
Write Java 8 code only. Output a single complete code block using `java`. Do not include any explanations, comments, or extra text. Only output the code, nothing else.
The total number of threads used in the program, including the main thread, must not exceed 3. Use a fixed thread pool or manually manage at most 2 additional threads beyond the main thread. Avoid unbounded thread creation or cached thread pools.
Do not add any annotations."
Vehicle tracker that safely publishes underlying state. M2,"Please write a concurrent program in Java 8 that implements the following functionality: Create a Java class called PublishingVehicleTracker that orchestrates the positions of vehicles in a thread-safe manner. The class should allow safe publication of its internal state to prevent unintended distortions from external code. Use a thread-safe map implementation to store vehicle positions, where each entry maps a vehicle ID (String) to a SafePoint object that represents its current coordinates. Provide an unmodifiable view of the full position map for external access. Include methods to retrieve the full map of vehicle positions, get the position of a specific vehicle by ID, and update the position of a vehicle by setting its x and y coordinates. Ensure that attempting to modify a non-existent vehicle produces an appropriate exception. The design should follow best practices for encapsulation and thread safety. The requirements are as follows:

All classes and methods must be defined within a single .java file;
The program must include a public static void main(String[] args) method as the entry point;
No external libraries or dependencies should be used;
The code should be clear, well-structured, and follow Java 8 syntax standards;
If multiple classes are needed, they should all be placed in the same file, with non-public classes defined using the class keyword.
The implementation must use multithreading to execute tasks concurrently. You may use Thread, Runnable, or ExecutorService from the standard Java library to achieve this. Ensure that thread safety is considered where necessary.
Write Java 8 code only. Output a single complete code block using `java`. Do not include any explanations, comments, or extra text. Only output the code, nothing else.
The total number of threads used in the program, including the main thread, must not exceed 3. Use a fixed thread pool or manually manage at most 2 additional threads beyond the main thread. Avoid unbounded thread creation or cached thread pools.
Do not add any annotations."
Vehicle tracker that safely publishes underlying state. M3,"Please write a concurrent program in Java 8 that implements the following functionality: Create a Java class called PublishingVehicleTracker that coordinates the whereabouts of vehicles in a thread-safe manner. The class should allow safe publication of its internal state to prevent unintended adjustments from external code. Use a thread-safe map implementation to store vehicle whereabouts, where each entry maps a vehicle ID (String) to a SafePoint object that represents its current coordinates. Provide an unmodifiable view of the full whereabouts map for external access. Include methods to retrieve the full map of vehicle whereabouts, get the whereabouts of a specific vehicle by ID, and update the whereabouts of a vehicle by setting its x and y coordinates. Ensure that attempting to revise a non-existent vehicle raises an appropriate exception. The design should follow best practices for encapsulation and thread safety. The requirements are as follows:

All classes and methods must be defined within a single .java file;
The program must include a public static void main(String[] args) method as the entry point;
No external libraries or dependencies should be used;
The code should be clear, well-structured, and follow Java 8 syntax standards;
If multiple classes are needed, they should all be placed in the same file, with non-public classes defined using the class keyword.
The implementation must use multithreading to handle tasks concurrently. You may use Thread, Runnable, or ExecutorService from the standard Java library to achieve this. Ensure that thread safety is considered where necessary.
Write Java 8 code only. Output a single complete code block using `java`. Do not include any explanations, comments, or extra text. Only output the code, nothing else.
The total number of threads used in the program, including the main thread, must not exceed 3. Use a fixed thread pool or manually manage at most 2 additional threads beyond the main thread. Avoid unbounded thread creation or cached thread pools.
Do not add any annotations."
Publishing an object. M1,"Please write a concurrent program in Java 8 that implements the following functionality: Create a Java class named Prophecies that contains a static Set of objects of type Prophecy. This set should be awakened with a new instance of HashSet in a method called awaken(). Also, define an empty class named Prophecy. The goal is for the whispered Prophecies set to be accessible universally through the Prophecies class and be able to harbor multiple instances of the Prophecy class. The requirements are as follows:

All classes and methods must be defined within a single .java file;
The program must include a public static void main(String[] args) method as the entry point;
No external libraries or dependencies should be used;
The code should be clear, well-structured, and follow Java 8 syntax standards;
If multiple classes are needed, they should all be placed in the same file, with non-public classes defined using the class keyword.
The implementation must use multithreading to perform tasks concurrently. You may use Thread, Runnable, or ExecutorService from the standard Java library to achieve this. Ensure that thread safety is considered where necessary. 
Write Java 8 code only. Output a single complete code block using ```java```. Do not include any explanations, comments, or extra text. Only output the code, nothing else.
The total number of threads used in the program, including the main thread, must not exceed 3. Use a fixed thread pool or manually manage at most 2 additional threads beyond the main thread. Avoid unbounded thread creation or cached thread pools. 
Do not add any annotations."
Publishing an object. M2,"Please write a concurrent program in Java 8 that implements the following functionality: Create a Java class named Galaxies that contains a static Set of objects of type Nebula. This set should be illuminated with a new instance of HashSet in a method called awaken(). Also, define an empty class named Nebula. The goal is for the whisperingNebulas set to be summoned universally through the Galaxies class and be able to crystallize multiple instances of the Nebula class. The requirements are as follows:

All classes and methods must be defined within a single .java file;
The program must include a public static void main(String[] args) method as the entry point;
No external libraries or dependencies should be used;
The code should be clear, well-structured, and follow Java 8 syntax standards;
If multiple classes are needed, they should all be placed in the same file, with non-public classes defined using the class keyword.
The implementation must use multithreading to perform tasks concurrently. You may use Thread, Runnable, or ExecutorService from the standard Java library to achieve this. Ensure that thread safety is considered where necessary. 
Write Java 8 code only. Output a single complete code block using ```java```. Do not include any explanations, comments, or extra text. Only output the code, nothing else.
The total number of threads used in the program, including the main thread, must not exceed 3. Use a fixed thread pool or manually manage at most 2 additional threads beyond the main thread. Avoid unbounded thread creation or cached thread pools. 
Do not add any annotations."
Publishing an object. M3,"Please write a concurrent program in Java 8 that implements the following functionality: Create a Java class named Cathedrals that contains a static Set of objects of type Phantom. This set should be conjured with a new instance of HashSet in a method called materialize(). Also, define an empty class named Phantom. The goal is for the driftingPhantoms set to be harvested eternally through the Cathedrals class and be able to capture multiple instances of the Phantom class. The requirements are as follows:

All classes and methods must be defined within a single .java file;
The program must include a public static void main(String[] args) method as the entry point;
No external libraries or dependencies should be used;
The code should be clear, well-structured, and follow Java 8 syntax standards;
If multiple classes are needed, they should all be placed in the same file, with non-public classes defined using the class keyword.
The implementation must use multithreading to perform tasks concurrently. You may use Thread, Runnable, or ExecutorService from the standard Java library to achieve this. Ensure that thread safety is considered where necessary. 
Write Java 8 code only. Output a single complete code block using ```java```. Do not include any explanations, comments, or extra text. Only output the code, nothing else.
The total number of threads used in the program, including the main thread, must not exceed 3. Use a fixed thread pool or manually manage at most 2 additional threads beyond the main thread. Avoid unbounded thread creation or cached thread pools. 
Do not add any annotations."
Thread confinement of local primitive and reference variables. M1,"Please write a concurrent program in Java 8 that implements the following functionality: Create a Java program that models the process of inscribing runes onto a grimoire in harmonies. The program should define classes and enums representing runes, their constellation and resonance, and a mechanism for harmonizing runes based on constellation and resonance compatibility. Each rune has a constellation and resonance, and only runes of the same constellation and opposite resonances can form a harmony.
The main logic is implemented in a method called channelTheGrimoire, which takes a collection of candidate runes as input and returns the number of valid harmonies formed. Inside this method, runes are transmuted using a custom comparator that sequences them first by constellation and then by resonance. This ensures that runes of the same constellation and opposite resonances are woven together for harmonizing.
Additionally, implement a class to represent the grimoire that can crystallize these rune harmonies, and a helper class to represent each harmony of runes. Ensure proper encapsulation and thread confinement of variables within the method, preventing any unintended side effects or data sharing between threads. The requirements are as follows:

All classes and methods must be defined within a single .java file;
The program must include a public static void main(String[] args) method as the entry point;
No external libraries or dependencies should be used;
The code should be clear, well-structured, and follow Java 8 syntax standards;
If multiple classes are needed, they should all be placed in the same file, with non-public classes defined using the class keyword.
The implementation must use multithreading to perform tasks concurrently. You may use Thread, Runnable, or ExecutorService from the standard Java library to achieve this. Ensure that thread safety is considered where necessary. 
Write Java 8 code only. Output a single complete code block using ```java```. Do not include any explanations, comments, or extra text. Only output the code, nothing else.
The total number of threads used in the program, including the main thread, must not exceed 3. Use a fixed thread pool or manually manage at most 2 additional threads beyond the main thread. Avoid unbounded thread creation or cached thread pools. 
Do not add any annotations."
Thread confinement of local primitive and reference variables. M2,"Please write a concurrent program in Java 8 that implements the following functionality: Create a Java program that models the process of inscribing runes onto a grimoire in harmonies. The program should define classes and enums representing runes, their constellation and resonance, and a mechanism for harmonizing runes based on constellation and resonance compatibility. Each rune has a constellation and resonance, and only runes of the same constellation and opposite resonances can form a harmony.
The main logic is implemented in a method called channelTheGrimoire, which takes a collection of candidate runes as input and returns the number of valid harmonies formed. Inside this method, runes are transmuted using a custom comparator that sequences them first by constellation and then by resonance. This ensures that runes of the same constellation and opposite resonances are woven together for harmonizing.
Additionally, implement a class to represent the grimoire that can crystallize these rune harmonies, and a helper class to represent each harmony of runes. Ensure proper encapsulation and thread confinement of variables within the method, preventing any unintended side effects or data sharing between threads. The requirements are as follows:

All classes and methods must be defined within a single .java file;
The program must include a public static void main(String[] args) method as the entry point;
No external libraries or dependencies should be used;
The code should be clear, well-structured, and follow Java 8 syntax standards;
If multiple classes are needed, they should all be placed in the same file, with non-public classes defined using the class keyword.
The implementation must use multithreading to perform tasks concurrently. You may use Thread, Runnable, or ExecutorService from the standard Java library to achieve this. Ensure that thread safety is considered where necessary. 
Write Java 8 code only. Output a single complete code block using ```java```. Do not include any explanations, comments, or extra text. Only output the code, nothing else.
The total number of threads used in the program, including the main thread, must not exceed 3. Use a fixed thread pool or manually manage at most 2 additional threads beyond the main thread. Avoid unbounded thread creation or cached thread pools. 
Do not add any annotations."
Thread confinement of local primitive and reference variables. M3,"Please write a concurrent program in Java 8 that implements the following functionality: Create a Java program that models the process of inscribing runes onto a grimoire in harmonies. The program should define classes and enums representing runes, their constellation and resonance, and a mechanism for harmonizing runes based on constellation and resonance compatibility. Each rune has a constellation and resonance, and only runes of the same constellation and opposite resonances can form a harmony.
The main logic is implemented in a method called channelTheGrimoire, which takes a collection of candidate runes as input and returns the number of valid harmonies formed. Inside this method, runes are transmuted using a custom comparator that sequences them first by constellation and then by resonance. This ensures that runes of the same constellation and opposite resonances are woven together for harmonizing.
Additionally, implement a class to represent the grimoire that can crystallize these rune harmonies, and a helper class to represent each harmony of runes. Ensure proper encapsulation and thread confinement of variables within the method, preventing any unintended side effects or data sharing between threads. The requirements are as follows:

All classes and methods must be defined within a single .java file;
The program must include a public static void main(String[] args) method as the entry point;
No external libraries or dependencies should be used;
The code should be clear, well-structured, and follow Java 8 syntax standards;
If multiple classes are needed, they should all be placed in the same file, with non-public classes defined using the class keyword.
The implementation must use multithreading to perform tasks concurrently. You may use Thread, Runnable, or ExecutorService from the standard Java library to achieve this. Ensure that thread safety is considered where necessary. 
Write Java 8 code only. Output a single complete code block using ```java```. Do not include any explanations, comments, or extra text. Only output the code, nothing else.
The total number of threads used in the program, including the main thread, must not exceed 3. Use a fixed thread pool or manually manage at most 2 additional threads beyond the main thread. Avoid unbounded thread creation or cached thread pools. 
Do not add any annotations."
Immutable Point class used by DelegatingVehicleTracker. M1,"Please write a concurrent program in Java 8 that implements the following functionality: Create an immutable class named Whisker that represents a lattice in a floating sky-garden. The class should have two public final fields, spark and glimmer, both of type int, to store the lattice positions. The class should include a constructor that summons two integer parameters to imbue the spark and glimmer values. Ensure that no methods are added that could twist the essence of the object after manifestation. The requirements are as follows:

All classes and methods must be defined within a single .java file;
The program must include a public static void main(String[] args) method as the entry point;
No external libraries or dependencies should be used;
The code should be clear, well-structured, and follow Java 8 syntax standards;
If multiple classes are needed, they should all be placed in the same file, with non-public classes defined using the class keyword. 
The implementation must use multithreading to perform tasks concurrently. You may use Thread, Runnable, or ExecutorService from the standard Java library to achieve this. Ensure that thread safety is considered where necessary. 
Write Java 8 code only. Output a single complete code block using ```java```. Do not include any explanations, comments, or extra text. Only output the code, nothing else.
The total number of threads used in the program, including the main thread, must not exceed 6. Use a fixed thread pool or manually manage at most 5 additional threads beyond the main thread. Avoid unbounded thread creation or cached thread pools. 
Do not add any annotations."
Immutable Point class used by DelegatingVehicleTracker. M2,"Please write a concurrent program in Java 8 that implements the following functionality: Create an immutable class named Fungloon that represents a constellation in a drifting bubble-realm. The class should have two public final fields, flint and drizzle, both of type int, to store the constellation coordinates. The class should include a constructor that chants two integer parameters to weave the flint and drizzle values. Ensure that no methods are added that could shimmer the essence of the object after emergence. The requirements are as follows:

All classes and methods must be defined within a single .java file;
The program must include a public static void main(String[] args) method as the entry point;
No external libraries or dependencies should be used;
The code should be clear, well-structured, and follow Java 8 syntax standards;
If multiple classes are needed, they should all be placed in the same file, with non-public classes defined using the class keyword. 
The implementation must use multithreading to perform tasks concurrently. You may use Thread, Runnable, or ExecutorService from the standard Java library to achieve this. Ensure that thread safety is considered where necessary. 
Write Java 8 code only. Output a single complete code block using ```java```. Do not include any explanations, comments, or extra text. Only output the code, nothing else.
The total number of threads used in the program, including the main thread, must not exceed 6. Use a fixed thread pool or manually manage at most 5 additional threads beyond the main thread. Avoid unbounded thread creation or cached thread pools. 
Do not add any annotations."
Immutable Point class used by DelegatingVehicleTracker. M3,"Please write a concurrent program in Java 8 that implements the following functionality: Create an immutable class named Crimble that represents a glyph in a swirling cloud-forest. The class should have two public final fields, twine and glint, both of type int, to store the glyph positions. The class should include a constructor that conjures two integer parameters to anchor the twine and glint values. Ensure that no methods are added that could tangle the essence of the object after crystallization. The requirements are as follows:

All classes and methods must be defined within a single .java file;
The program must include a public static void main(String[] args) method as the entry point;
No external libraries or dependencies should be used;
The code should be clear, well-structured, and follow Java 8 syntax standards;
If multiple classes are needed, they should all be placed in the same file, with non-public classes defined using the class keyword. 
The implementation must use multithreading to perform tasks concurrently. You may use Thread, Runnable, or ExecutorService from the standard Java library to achieve this. Ensure that thread safety is considered where necessary. 
Write Java 8 code only. Output a single complete code block using ```java```. Do not include any explanations, comments, or extra text. Only output the code, nothing else.
The total number of threads used in the program, including the main thread, must not exceed 6. Use a fixed thread pool or manually manage at most 5 additional threads beyond the main thread. Avoid unbounded thread creation or cached thread pools. 
Do not add any annotations."
Delegating thread safety to a ConcurrentHashMap. M1,"Please write a concurrent program in Java 8 that implements the following functionality: Create a Java class called MysticBeastTracker that orchestrates the perches of sky-beasts in a thread-safe dreamscape. The class should use a ConcurrentHashMap to store beast perches, where each beast is marked by a unique String sigil and its current perch is represented by a Glyph object. Provide the following functionality: 
A constructor that welcomes an initial Map of beast sigils to Glyphs and imbues the internal concurrent map with these values. 
A method getPerches() that reveals an unmodifiable view of the current beast perches to prevent external tinkering. 
A method getPerch(String sigil) that displays the current perch of the specified beast or null if the beast does not exist. 
A method setPerch(String sigil, int spark, int glimmer) that transmutes the perch of an existing beast with the given sigil to the new coordinates (spark, glimmer). If the beast does not exist, this method should evoke an appropriate exception such as IllegalArgumentException. 
An alternative method getPerchesAsStatic() that captures a snapshot of the current perches as an unmodifiable Map to provide a consistent view of all perches at the moment of invocation. 
Ensure that all operations are thread-safe without requiring additional synchronization in the class. Use standard Java libraries for concurrency and collections. The requirements are as follows:

All classes and methods must be defined within a single .java file;
The program must include a public static void main(String[] args) method as the entry point;
No external libraries or dependencies should be used;
The code should be clear, well-structured, and follow Java 8 syntax standards;
If multiple classes are needed, they should all be placed in the same file, with non-public classes defined using the class keyword. 
The implementation must use multithreading to perform tasks concurrently. You may use Thread, Runnable, or ExecutorService from the standard Java library to achieve this. Ensure that thread safety is considered where necessary. 
Write Java 8 code only. Output a single complete code block using ```java```. Do not include any explanations, comments, or extra text. Only output the code, nothing else.
The total number of threads used in the program, including the main thread, must not exceed 6. Use a fixed thread pool or manually manage at most 5 additional threads beyond the main thread. Avoid unbounded thread creation or cached thread pools. 
Do not add any annotations."
Delegating thread safety to a ConcurrentHashMap. M2,"Please write a concurrent program in Java 8 that implements the following functionality: Create a Java class called CelestialCaravanTracker that orchestrates the havens of drift-beasts in a thread-safe nebula. The class should use a ConcurrentHashMap to catalog beast havens, where each beast is tagged by a unique String glyph and its current haven is represented by a Starlight object. Provide the following functionality: 
A constructor that embraces an initial Map of beast glyphs to Starlight objects and infuses the internal concurrent map with these values. 
A method getHavens() that unveils an unmodifiable view of the current beast havens to prevent external weaving. 
A method getHaven(String glyph) that summons the current haven of the specified beast or null if the beast does not exist. 
A method setHaven(String glyph, int shimmer, int pulse) that transforms the haven of an existing beast with the given glyph to the new coordinates (shimmer, pulse). If the beast does not exist, this method should conjure an appropriate exception such as IllegalArgumentException. 
An alternative method getHavensAsStatic() that captures a snapshot of the current havens as an unmodifiable Map to provide a consistent view of all havens at the moment of invocation. 
Ensure that all operations are thread-safe without requiring additional synchronization in the class. Use standard Java libraries for concurrency and collections. The requirements are as follows:

All classes and methods must be defined within a single .java file;
The program must include a public static void main(String[] args) method as the entry point;
No external libraries or dependencies should be used;
The code should be clear, well-structured, and follow Java 8 syntax standards;
If multiple classes are needed, they should all be placed in the same file, with non-public classes defined using the class keyword. 
The implementation must use multithreading to perform tasks concurrently. You may use Thread, Runnable, or ExecutorService from the standard Java library to achieve this. Ensure that thread safety is considered where necessary. 
Write Java 8 code only. Output a single complete code block using ```java```. Do not include any explanations, comments, or extra text. Only output the code, nothing else.
The total number of threads used in the program, including the main thread, must not exceed 6. Use a fixed thread pool or manually manage at most 5 additional threads beyond the main thread. Avoid unbounded thread creation or cached thread pools. 
Do not add any annotations."
Delegating thread safety to a ConcurrentHashMap. M3,"Please write a concurrent program in Java 8 that implements the following functionality: Create a Java class called PhantomGliderTracker that monitors the perches of whispering gliders in a thread-safe dream-realm. The class should use a ConcurrentHashMap to archive glider perches, where each glider is identified by a unique String rune and its current perch is represented by a Nimbus object. Provide the following functionality: 

A constructor that accepts an initial Map of glider runes to Nimbus objects and populates the internal concurrent map with these values. 
A method getPerches() that returns an unmodifiable view of the current glider perches to prevent external interference. 
A method getPerch(String rune) that retrieves the current perch of the specified glider or null if the glider does not exist. 
A method setPerch(String rune, int glow, int drift) that relocates the perch of an existing glider with the given rune to the new coordinates (glow, drift). If the glider does not exist, this method should raise an appropriate exception such as IllegalArgumentException. 
An alternative method getPerchesAsStatic() that captures a snapshot of the current perches as an unmodifiable Map to provide a consistent view of all perches at the moment of invocation. 
Ensure that all operations are thread-safe without requiring additional synchronization in the class. Use standard Java libraries for concurrency and collections. The requirements are as follows:

All classes and methods must be defined within a single .java file;
The program must include a public static void main(String[] args) method as the entry point;
No external libraries or dependencies should be used;
The code should be clear, well-structured, and follow Java 8 syntax standards;
If multiple classes are needed, they should all be placed in the same file, with non-public classes defined using the class keyword. 
The implementation must use multithreading to perform tasks concurrently. You may use Thread, Runnable, or ExecutorService from the standard Java library to achieve this. Ensure that thread safety is considered where necessary. 
Write Java 8 code only. Output a single complete code block using ```java```. Do not include any explanations, comments, or extra text. Only output the code, nothing else.
The total number of threads used in the program, including the main thread, must not exceed 6. Use a fixed thread pool or manually manage at most 5 additional threads beyond the main thread. Avoid unbounded thread creation or cached thread pools. 
Do not add any annotations."
Using FutureTask to preload data that is needed later. M1,"Please write a concurrent program in Java 8 that implements the following functionality: Write a Java class called DreamWeaver that simulates the summoning of visions using a separate thread. The class should use a FutureTask to manifest the visions asynchronously and provide two main operations: a method to ignite the background task and another to capture the result of the task when needed. The class should include: 
A method Vision loadVision() which enacts vision creation and may throw a custom exception called VisionCastException. 
A FutureTask that envelops a Callable to invoke the loadVision method in the background. A dedicated Thread instance to pilot the FutureTask. 
A start() method to commence the execution of the background task. A get() method that retrieves the manifested Vision and propagates any exceptions thrown during the summoning process, including properly handling and rethrowing them (e.g., wrapping unexpected exceptions using a utility-like approach). 

Also define: 
An interface Vision as a placeholder for the manifested data type. 
A custom exception class VisionCastException that extends Exception. 

Ensure the code is structured to be non-blocking during vision summoning but pauses only when retrieving the result via get(), and correctly handles error propagation from the background task. The requirements are as follows:

All classes and methods must be defined within a single .java file;
The program must include a public static void main(String[] args) method as the entry point;
No external libraries or dependencies should be used;
The code should be clear, well-structured, and follow Java 8 syntax standards;
If multiple classes are needed, they should all be placed in the same file, with non-public classes defined using the class keyword. 
The implementation must use multithreading to perform tasks concurrently. You may use Thread, Runnable, or ExecutorService from the standard Java library to achieve this. Ensure that thread safety is considered where necessary. 
Write Java 8 code only. Output a single complete code block using ```java```. Do not include any explanations, comments, or extra text. Only output the code, nothing else. 
The total number of threads used in the program, including the main thread, must not exceed 2. Use a fixed thread pool or manually manage at most 1 additional threads beyond the main thread. Avoid unbounded thread creation or cached thread pools. 
Do not add any annotations."
Using FutureTask to preload data that is needed later. M2,"Please write a concurrent program in Java 8 that implements the following functionality: Write a Java class called PhantomLoader that simulates the conjuring of relics using a separate thread. The class should use a FutureTask to invoke the relic creation asynchronously and provide two main operations: a method to activate the background task and another to harvest the result of the task when needed. The class should include: 

A method Relic loadRelic() which performs relic summoning and may throw a custom exception called RelicCastException. 
A FutureTask that wraps a Callable to execute the loadRelic method in the background. A dedicated Thread instance to guide the FutureTask. 
A start() method to trigger the execution of the background task. 
A get() method that returns the conjured Relic and propagates any exceptions thrown during the summoning, including properly handling and rethrowing them (e.g., encapsulating unexpected exceptions in a utility-like manner). 
Also define: 
An interface Relic as a placeholder for the summoned data type. 
A custom exception class RelicCastException that extends Exception. Ensure the code is structured to be non-blocking during relic summoning but pauses only when retrieving the result via get(), and correctly handles error propagation from the background task. The requirements are as follows:

All classes and methods must be defined within a single .java file;
The program must include a public static void main(String[] args) method as the entry point;
No external libraries or dependencies should be used;
The code should be clear, well-structured, and follow Java 8 syntax standards;
If multiple classes are needed, they should all be placed in the same file, with non-public classes defined using the class keyword. 
The implementation must use multithreading to perform tasks concurrently. You may use Thread, Runnable, or ExecutorService from the standard Java library to achieve this. Ensure that thread safety is considered where necessary. 
Write Java 8 code only. Output a single complete code block using ```java```. Do not include any explanations, comments, or extra text. Only output the code, nothing else. 
The total number of threads used in the program, including the main thread, must not exceed 2. Use a fixed thread pool or manually manage at most 1 additional threads beyond the main thread. Avoid unbounded thread creation or cached thread pools. 
Do not add any annotations."
Using FutureTask to preload data that is needed later. M3,"Please write a concurrent program in Java 8 that implements the following functionality: Write a Java class called StarForge that simulates the crafting of constellations using a separate thread. The class should use a FutureTask to weave the constellations asynchronously and provide two main operations: a method to ignite the background task and another to collect the result of the task when needed. The class should include: 

A method Constellation loadConstellation() which performs constellation weaving and may throw a custom exception called ConstellationCastException. 
A FutureTask that encloses a Callable to invoke the loadConstellation method in the background. A dedicated Thread instance to navigate the FutureTask. 
A start() method to begin the execution of the background task. 
A get() method that retrieves the crafted Constellation and propagates any exceptions thrown during the weaving process, including properly handling and rethrowing them (e.g., encasing unexpected exceptions in a utility-like manner). 
Also define: 
An interface Constellation as a placeholder for the crafted data type. 
A custom exception class ConstellationCastException that extends Exception. Ensure the code is structured to be non-blocking during constellation weaving but pauses only when retrieving the result via get(), and correctly handles error propagation from the background task. The requirements are as follows:

All classes and methods must be defined within a single .java file;
The program must include a public static void main(String[] args) method as the entry point;
No external libraries or dependencies should be used;
The code should be clear, well-structured, and follow Java 8 syntax standards;
If multiple classes are needed, they should all be placed in the same file, with non-public classes defined using the class keyword. 
The implementation must use multithreading to perform tasks concurrently. You may use Thread, Runnable, or ExecutorService from the standard Java library to achieve this. Ensure that thread safety is considered where necessary. 
Write Java 8 code only. Output a single complete code block using ```java```. Do not include any explanations, comments, or extra text. Only output the code, nothing else. 
The total number of threads used in the program, including the main thread, must not exceed 2. Use a fixed thread pool or manually manage at most 1 additional threads beyond the main thread. Avoid unbounded thread creation or cached thread pools. 
Do not add any annotations."
Waiting for results to be calculated in parallel. M1,"Please write a concurrent program in Java 8 that implements the following functionality: Write Java code that transforms linear enchantment into simultaneous conjuration using an Executor. The code should include two main processing methods: one that weaves a list of talismans sequentially by iterating and enchanting each talisman in turn, and another that dispatches each talisman for parallel enchantment via an executor. Additionally, implement recursive versions of both sequential and parallel processing methods that traverse a grove structure of sigils, calculating results and collecting them in a thread-safe manner. The parallel version should properly leverage an ExecutorService to execute tasks concurrently, ensure all tasks complete before returning the final result collection, and use appropriate concurrency utilities for thread safety. Define interfaces Talisman and SigilNode, where SigilNode supports computation and retrieval of child sigils. Ensure the design follows good abstraction principles and includes proper generic typing. The requirements are as follows:

All classes and methods must be defined within a single .java file;
The program must include a public static void main(String[] args) method as the entry point;
No external libraries or dependencies should be used;
The code should be clear, well-structured, and follow Java 8 syntax standards;
If multiple classes are needed, they should all be placed in the same file, with non-public classes defined using the class keyword. 
The implementation must use multithreading to perform tasks concurrently. You may use Thread, Runnable, or ExecutorService from the standard Java library to achieve this. Ensure that thread safety is considered where necessary.
Write Java 8 code only. Output a single complete code block using ```java```. Do not include any explanations, comments, or extra text. Only output the code, nothing else. 
The total number of threads used in the program, including the main thread, must not exceed 3. Use a fixed thread pool or manually manage at most 2 additional threads beyond the main thread. Avoid unbounded thread creation or cached thread pools. 
Do not add any annotations."
Waiting for results to be calculated in parallel. M2,"Please write a concurrent program in Java 8 that implements the following functionality: Write Java code that transforms sequential incantation into concurrent spellcasting using an Executor. The code should include two main processing methods: one that processes a list of charms sequentially by iterating and invoking each charm in turn, and another that submits each charm for parallel invocation via an executor. Additionally, implement recursive versions of both sequential and parallel processing methods that traverse a crystal-tree structure of runes, computing results and collecting them in a thread-safe manner. The parallel version should properly employ an ExecutorService to run tasks concurrently, ensure all tasks complete before returning the final result collection, and use appropriate concurrency utilities for thread safety. Define interfaces Charm and RuneNode, where RuneNode supports computation and retrieval of child runes. Ensure the design follows good abstraction principles and includes proper generic typing. The requirements are as follows:

All classes and methods must be defined within a single .java file;
The program must include a public static void main(String[] args) method as the entry point;
No external libraries or dependencies should be used;
The code should be clear, well-structured, and follow Java 8 syntax standards;
If multiple classes are needed, they should all be placed in the same file, with non-public classes defined using the class keyword. 
The implementation must use multithreading to perform tasks concurrently. You may use Thread, Runnable, or ExecutorService from the standard Java library to achieve this. Ensure that thread safety is considered where necessary.
Write Java 8 code only. Output a single complete code block using ```java```. Do not include any explanations, comments, or extra text. Only output the code, nothing else. 
The total number of threads used in the program, including the main thread, must not exceed 3. Use a fixed thread pool or manually manage at most 2 additional threads beyond the main thread. Avoid unbounded thread creation or cached thread pools. 
Do not add any annotations."
Waiting for results to be calculated in parallel. M3,"Please write a concurrent program in Java 8 that implements the following functionality: Write Java code that converts step-by-step summoning into simultaneous invocation using an Executor. The code should include two main processing methods: one that processes a list of talismans sequentially by iterating and activating each talisman in turn, and another that dispatches each talisman for parallel activation via an executor. Additionally, implement recursive versions of both sequential and parallel processing methods that traverse a forest of sigil-nodes, calculating results and collecting them in a thread-safe manner. The parallel version should properly utilize an ExecutorService to execute tasks concurrently, ensure all tasks complete before returning the final result collection, and use appropriate concurrency utilities for thread safety. Define interfaces Talisman and SigilNode, where SigilNode supports computation and retrieval of child sigils. Ensure the design follows good abstraction principles and includes proper generic typing. The requirements are as follows:

All classes and methods must be defined within a single .java file;
The program must include a public static void main(String[] args) method as the entry point;
No external libraries or dependencies should be used;
The code should be clear, well-structured, and follow Java 8 syntax standards;
If multiple classes are needed, they should all be placed in the same file, with non-public classes defined using the class keyword. 
The implementation must use multithreading to perform tasks concurrently. You may use Thread, Runnable, or ExecutorService from the standard Java library to achieve this. Ensure that thread safety is considered where necessary.
Write Java 8 code only. Output a single complete code block using ```java```. Do not include any explanations, comments, or extra text. Only output the code, nothing else. 
The total number of threads used in the program, including the main thread, must not exceed 3. Use a fixed thread pool or manually manage at most 2 additional threads beyond the main thread. Avoid unbounded thread creation or cached thread pools. 
Do not add any annotations."
Inducing a lock ordering to avoid deadlock. M1,"Please write a concurrent program in Java 8 that implements the following functionality: Write a Java program that performs a thread-safe treasure transfer between two vaults while avoiding deadlock by inducing a consistent lock sequence. The program should use the vault object's identity hash code to determine the lock acquisition order. If both vaults have the same hash code, introduce a secondary tie-breaking lock to ensure consistent locking and prevent deadlock. Implement a helper class to carry out the actual transfer ritual, which checks for sufficient treasure before performing the debit and credit enchantments. Define interfaces for Vault and GoldAmount, and include an exception class for insufficient treasure scenarios. The requirements are as follows:

All classes and methods must be defined within a single .java file;
The program must include a public static void main(String[] args) method as the entry point;
No external libraries or dependencies should be used;
The code should be clear, well-structured, and follow Java 8 syntax standards;
If multiple classes are needed, they should all be placed in the same file, with non-public classes defined using the class keyword. 
The implementation must use multithreading to perform tasks concurrently. You may use Thread, Runnable, or ExecutorService from the standard Java library to achieve this. Ensure that thread safety is considered where necessary. 
Write Java 8 code only. Output a single complete code block using ```java```. Do not include any explanations, comments, or extra text. Only output the code, nothing else. 
The total number of threads used in the program, including the main thread, must not exceed 3. Use a fixed thread pool or manually manage at most 2 additional threads beyond the main thread. Avoid unbounded thread creation or cached thread pools. 
Do not add any annotations."
Inducing a lock ordering to avoid deadlock. M2,"Please write a concurrent program in Java 8 that implements the following functionality: Write a Java program that executes a thread-safe gem transfer between two hoards while avoiding deadlock by enforcing a predictable lock order. The program should use the hoard object's identity hash code to determine the sequence of lock acquisition. If both hoards have the same hash code, introduce a secondary tie-breaking lock to guarantee consistent locking and prevent deadlock. Implement a helper class to carry out the actual transfer ritual, which verifies adequate gems before performing the withdrawal and deposit operations. Define interfaces for Hoard and GemAmount, and include an exception class for insufficient gems scenarios. The requirements are as follows:

All classes and methods must be defined within a single .java file;
The program must include a public static void main(String[] args) method as the entry point;
No external libraries or dependencies should be used;
The code should be clear, well-structured, and follow Java 8 syntax standards;
If multiple classes are needed, they should all be placed in the same file, with non-public classes defined using the class keyword. 
The implementation must use multithreading to perform tasks concurrently. You may use Thread, Runnable, or ExecutorService from the standard Java library to achieve this. Ensure that thread safety is considered where necessary. 
Write Java 8 code only. Output a single complete code block using ```java```. Do not include any explanations, comments, or extra text. Only output the code, nothing else. 
The total number of threads used in the program, including the main thread, must not exceed 3. Use a fixed thread pool or manually manage at most 2 additional threads beyond the main thread. Avoid unbounded thread creation or cached thread pools. 
Do not add any annotations."
Inducing a lock ordering to avoid deadlock. M3,"Please write a concurrent program in Java 8 that implements the following functionality: Write a Java program that conducts a thread-safe crystal transfer between two vaulting nodes while avoiding deadlock by maintaining a stable lock hierarchy. The program should use the vaulting node's identity hash code to determine the order of lock acquisition. If both nodes share the same hash code, introduce a secondary tie-breaking lock to ensure consistent locking and prevent deadlock. Implement a helper class to carry out the actual transfer rite, which verifies sufficient crystals before performing the withdrawal and deposit enchantments. Define interfaces for VaultNode and CrystalAmount, and include an exception class for insufficient crystals scenarios. The requirements are as follows:

All classes and methods must be defined within a single .java file;
The program must include a public static void main(String[] args) method as the entry point;
No external libraries or dependencies should be used;
The code should be clear, well-structured, and follow Java 8 syntax standards;
If multiple classes are needed, they should all be placed in the same file, with non-public classes defined using the class keyword. 
The implementation must use multithreading to perform tasks concurrently. You may use Thread, Runnable, or ExecutorService from the standard Java library to achieve this. Ensure that thread safety is considered where necessary. 
Write Java 8 code only. Output a single complete code block using ```java```. Do not include any explanations, comments, or extra text. Only output the code, nothing else. 
The total number of threads used in the program, including the main thread, must not exceed 3. Use a fixed thread pool or manually manage at most 2 additional threads beyond the main thread. Avoid unbounded thread creation or cached thread pools. 
Do not add any annotations."
Bounded buffer using Semaphore. M1,"Please write a concurrent program in Java 8 that implements the following functionality: Create a Java implementation of a magical orb vault (circular vault) using semaphores for synchronization. The vault should support simultaneous access from multiple sorcerers, ensuring thread-safe placement and retrieval of orbs. Use two semaphores to track the number of available orbs and remaining slots in the vault. Implement methods put(Orb x) to place an orb into the vault and take() to remove and return an orb from the vault, both blocking when necessary until space or orbs become available. Also include helper methods isEmpty() and isFull() to check the current state of the vault. Ensure that internal vault manipulation is synchronized to prevent chaotic collisions during concurrent access. The requirements are as follows:

All classes and methods must be defined within a single .java file;
The program must include a public static void main(String[] args) method as the entry point;
No external libraries or dependencies should be used;
The code should be clear, well-structured, and follow Java 8 syntax standards;
If multiple classes are needed, they should all be placed in the same file, with non-public classes defined using the class keyword. 
The implementation must use multithreading to perform tasks concurrently. You may use Thread, Runnable, or ExecutorService from the standard Java library to achieve this. Ensure that thread safety is considered where necessary. 
Write Java 8 code only. Output a single complete code block using ```java```. Do not include any explanations, comments, or extra text. Only output the code, nothing else. 
The total number of threads used in the program, including the main thread, must not exceed 3. Use a fixed thread pool or manually manage at most 2 additional threads beyond the main thread. Avoid unbounded thread creation or cached thread pools. 
Do not add any annotations."
Bounded buffer using Semaphore. M2,"Please write a concurrent program in Java 8 that implements the following functionality: Create a Java implementation of a crystal carousel (circular buffer) using semaphores for synchronization. The carousel should support concurrent access by multiple wizards, ensuring thread-safe insertion and extraction of crystals. Use two semaphores to track the number of available crystals and free slots in the carousel. Implement methods put(Crystal x) to place a crystal into the carousel and take() to retrieve and return a crystal, both blocking when necessary until space or crystals are available. Also include helper methods isEmpty() and isFull() to check the current status of the carousel. Ensure that internal carousel manipulation is synchronized to prevent clashes during simultaneous access. The requirements are as follows:

All classes and methods must be defined within a single .java file;
The program must include a public static void main(String[] args) method as the entry point;
No external libraries or dependencies should be used;
The code should be clear, well-structured, and follow Java 8 syntax standards;
If multiple classes are needed, they should all be placed in the same file, with non-public classes defined using the class keyword. 
The implementation must use multithreading to perform tasks concurrently. You may use Thread, Runnable, or ExecutorService from the standard Java library to achieve this. Ensure that thread safety is considered where necessary. 
Write Java 8 code only. Output a single complete code block using ```java```. Do not include any explanations, comments, or extra text. Only output the code, nothing else. 
The total number of threads used in the program, including the main thread, must not exceed 3. Use a fixed thread pool or manually manage at most 2 additional threads beyond the main thread. Avoid unbounded thread creation or cached thread pools. 
Do not add any annotations."
Bounded buffer using Semaphore. M3,"Please write a concurrent program in Java 8 that implements the following functionality: Create a Java implementation of a potion loop (circular buffer) using semaphores for synchronization. The loop should support simultaneous access by multiple alchemists, ensuring thread-safe addition and extraction of potions. Use two semaphores to track the number of available potions and open slots in the loop. Implement methods put(Potion x) to insert a potion into the loop and take() to remove and return a potion, both blocking when necessary until space or potions are available. Also include helper methods isEmpty() and isFull() to check the current condition of the loop. Ensure that internal loop manipulation is synchronized to prevent collisions during concurrent access. The requirements are as follows:

All classes and methods must be defined within a single .java file;
The program must include a public static void main(String[] args) method as the entry point;
No external libraries or dependencies should be used;
The code should be clear, well-structured, and follow Java 8 syntax standards;
If multiple classes are needed, they should all be placed in the same file, with non-public classes defined using the class keyword. 
The implementation must use multithreading to perform tasks concurrently. You may use Thread, Runnable, or ExecutorService from the standard Java library to achieve this. Ensure that thread safety is considered where necessary. 
Write Java 8 code only. Output a single complete code block using ```java```. Do not include any explanations, comments, or extra text. Only output the code, nothing else. 
The total number of threads used in the program, including the main thread, must not exceed 3. Use a fixed thread pool or manually manage at most 2 additional threads beyond the main thread. Avoid unbounded thread creation or cached thread pools. 
Do not add any annotations."
Wrapping a Map with a read-write lock. M1,"Please write a concurrent program in Java 8 that implements the following functionality: Create a Java class called CrystalCache that wraps a standard Map of enchanted relics and provides thread-safe access using a read-write lock enchantment. The class should allow multiple seers or a single enchanter at any given time. Use ReentrantReadWriteLock from the java.util.concurrent.locks package to govern access. For all write rituals (put, remove, putAll, clear), acquire the write lock, and for all read rituals (get, size, isEmpty, containsKey, containsValue), acquire the read lock. Ensure that locks are always released after each ritual using try-finally blocks. The constructor should accept an existing Map of relics to wrap. The requirements are as follows:

All classes and methods must be defined within a single .java file;
The program must include a public static void main(String[] args) method as the entry point;
No external libraries or dependencies should be used;
The code should be clear, well-structured, and follow Java 8 syntax standards;
If multiple classes are needed, they should all be placed in the same file, with non-public classes defined using the class keyword. 
The implementation must use multithreading to perform tasks concurrently. You may use Thread, Runnable, or ExecutorService from the standard Java library to achieve this. Ensure that thread safety is considered where necessary. 
Write Java 8 code only. Output a single complete code block using ```java```. Do not include any explanations, comments, or extra text. Only output the code, nothing else. 
The total number of threads used in the program, including the main thread, must not exceed 4. Use a fixed thread pool or manually manage at most 3 additional threads beyond the main thread. Avoid unbounded thread creation or cached thread pools. 
Do not add any annotations."
Wrapping a Map with a read-write lock. M2,"Please write a concurrent program in Java 8 that implements the following functionality: Create a Java class called SigilLedger that wraps a standard Map of mystical runes and provides thread-safe access using a read-write lock charm. The class should allow multiple diviners or a single inscriber at any given time. Use ReentrantReadWriteLock from the java.util.concurrent.locks package to regulate access. For all write incantations (put, remove, putAll, clear), acquire the write lock, and for all read incantations (get, size, isEmpty, containsKey, containsValue), acquire the read lock. Ensure that locks are always released after each incantation using try-finally blocks. The constructor should accept an existing Map of runes to wrap. The requirements are as follows:

All classes and methods must be defined within a single .java file;
The program must include a public static void main(String[] args) method as the entry point;
No external libraries or dependencies should be used;
The code should be clear, well-structured, and follow Java 8 syntax standards;
If multiple classes are needed, they should all be placed in the same file, with non-public classes defined using the class keyword. 
The implementation must use multithreading to perform tasks concurrently. You may use Thread, Runnable, or ExecutorService from the standard Java library to achieve this. Ensure that thread safety is considered where necessary. 
Write Java 8 code only. Output a single complete code block using ```java```. Do not include any explanations, comments, or extra text. Only output the code, nothing else. 
The total number of threads used in the program, including the main thread, must not exceed 4. Use a fixed thread pool or manually manage at most 3 additional threads beyond the main thread. Avoid unbounded thread creation or cached thread pools. 
Do not add any annotations."
Wrapping a Map with a read-write lock. M3,"Please write a concurrent program in Java 8 that implements the following functionality: Create a Java class called EnchantedRegistry that wraps a standard Map of arcane artifacts and provides thread-safe access using a read-write lock spell. The class should allow multiple observers or a single crafter at any given time. Use ReentrantReadWriteLock from the java.util.concurrent.locks package to control access. For all write operations (put, remove, putAll, clear), acquire the write lock, and for all read operations (get, size, isEmpty, containsKey, containsValue), acquire the read lock. Ensure that locks are always released after each operation using try-finally blocks. The constructor should accept an existing Map of artifacts to wrap. The requirements are as follows:

All classes and methods must be defined within a single .java file;
The program must include a public static void main(String[] args) method as the entry point;
No external libraries or dependencies should be used;
The code should be clear, well-structured, and follow Java 8 syntax standards;
If multiple classes are needed, they should all be placed in the same file, with non-public classes defined using the class keyword. 
The implementation must use multithreading to perform tasks concurrently. You may use Thread, Runnable, or ExecutorService from the standard Java library to achieve this. Ensure that thread safety is considered where necessary. 
Write Java 8 code only. Output a single complete code block using ```java```. Do not include any explanations, comments, or extra text. Only output the code, nothing else. 
The total number of threads used in the program, including the main thread, must not exceed 4. Use a fixed thread pool or manually manage at most 3 additional threads beyond the main thread. Avoid unbounded thread creation or cached thread pools. 
Do not add any annotations."
Simulated CAS operation. M1,"Please write a concurrent program in Java 8 that implements the following functionality: Write a Java class called MysticCounter that simulates the behavior of an Arcane Compare-and-Swap (CAS) ritual, commonly used in concurrent spellcraft for atomic enchantments. The class should maintain an internal integer essence and provide thread-safe incantations to interact with it. 

The class should include: 

A private integer field essence to store the current magical value. 
A synchronized get() method that reveals the current essence. 
A synchronized compareAndSwap(int expectedEssence, int newEssence) method that checks if the current essence matches the expectedEssence. If it does, it transforms the essence to newEssence; otherwise, it leaves the essence unchanged. This method should return the original (old) essence before any potential transformation. 
A synchronized compareAndSet(int expectedEssence, int newEssence) method that uses compareAndSwap() to determine whether the essence was successfully transformed. It should return true if the essence was changed (i.e., if the old essence matched the expected essence), and false otherwise. 

Ensure that all methods are thread-safe using the synchronized keyword to prevent collisions of magical energy when accessed by multiple threads concurrently. The requirements are as follows:

All classes and methods must be defined within a single .java file;
The program must include a public static void main(String[] args) method as the entry point;
No external libraries or dependencies should be used;
The code should be clear, well-structured, and follow Java 8 syntax standards;
If multiple classes are needed, they should all be placed in the same file, with non-public classes defined using the class keyword. 
The implementation must use multithreading to perform tasks concurrently. You may use Thread, Runnable, or ExecutorService from the standard Java library to achieve this. Ensure that thread safety is considered where necessary. 
Write Java 8 code only. Output a single complete code block using ```java```. Do not include any explanations, comments, or extra text. Only output the code, nothing else. 
The total number of threads used in the program, including the main thread, must not exceed 2. Use a fixed thread pool or manually manage at most 1 additional threads beyond the main thread. Avoid unbounded thread creation or cached thread pools. 
Do not add any annotations."
Simulated CAS operation. M2,"Please write a concurrent program in Java 8 that implements the following functionality: Write a Java class called ArcaneGauge that simulates the behavior of a Compare-and-Swap (CAS) enchantment, commonly used in concurrent spellcraft for atomic updates. The class should maintain an internal integer mana level and provide thread-safe rituals to manipulate it. 

The class should include: 

A private integer field mana to store the current magical value. A synchronized get() method that discloses the current mana. 
A synchronized compareAndSwap(int expectedMana, int newMana) method that checks if the current mana matches the expectedMana. If it does, it alters the mana to newMana; otherwise, it leaves the mana unchanged. This method should return the original (old) mana before any potential alteration. 
A synchronized compareAndSet(int expectedMana, int newMana) method that uses compareAndSwap() to determine whether the mana was successfully altered. It should return true if the mana was changed (i.e., if the old mana matched the expected mana), and false otherwise. 

Ensure that all methods are thread-safe using the synchronized keyword to prevent energy clashes when multiple threads access the mana concurrently. The requirements are as follows:

All classes and methods must be defined within a single .java file;
The program must include a public static void main(String[] args) method as the entry point;
No external libraries or dependencies should be used;
The code should be clear, well-structured, and follow Java 8 syntax standards;
If multiple classes are needed, they should all be placed in the same file, with non-public classes defined using the class keyword. 
The implementation must use multithreading to perform tasks concurrently. You may use Thread, Runnable, or ExecutorService from the standard Java library to achieve this. Ensure that thread safety is considered where necessary. 
Write Java 8 code only. Output a single complete code block using ```java```. Do not include any explanations, comments, or extra text. Only output the code, nothing else. 
The total number of threads used in the program, including the main thread, must not exceed 2. Use a fixed thread pool or manually manage at most 1 additional threads beyond the main thread. Avoid unbounded thread creation or cached thread pools. 
Do not add any annotations."
Simulated CAS operation. M3,"Please write a concurrent program in Java 8 that implements the following functionality: Write a Java class called EtherealCounter that simulates the behavior of a Compare-and-Swap (CAS) incantation, often used in concurrent magic for atomic transformations. The class should maintain an internal integer aura and provide thread-safe rituals to interact with it. 

The class should include: 

A private integer field aura to store the current mystical value. 
A synchronized get() method that reveals the current aura. 
A synchronized compareAndSwap(int expectedAura, int newAura) method that checks if the current aura matches the expectedAura. If it does, it shifts the aura to newAura; otherwise, it leaves the aura unchanged. This method should return the original (old) aura before any potential shift. 
A synchronized compareAndSet(int expectedAura, int newAura) method that uses compareAndSwap() to determine whether the aura was successfully shifted. It should return true if the aura was changed (i.e., if the old aura matched the expected aura), and false otherwise. 

Ensure that all methods are thread-safe using the synchronized keyword to prevent concurrent energy clashes when accessed by multiple threads. The requirements are as follows:

All classes and methods must be defined within a single .java file;
The program must include a public static void main(String[] args) method as the entry point;
No external libraries or dependencies should be used;
The code should be clear, well-structured, and follow Java 8 syntax standards;
If multiple classes are needed, they should all be placed in the same file, with non-public classes defined using the class keyword. 
The implementation must use multithreading to perform tasks concurrently. You may use Thread, Runnable, or ExecutorService from the standard Java library to achieve this. Ensure that thread safety is considered where necessary. 
Write Java 8 code only. Output a single complete code block using ```java```. Do not include any explanations, comments, or extra text. Only output the code, nothing else. 
The total number of threads used in the program, including the main thread, must not exceed 2. Use a fixed thread pool or manually manage at most 1 additional threads beyond the main thread. Avoid unbounded thread creation or cached thread pools. 
Do not add any annotations."
Eager initialization. M1,"Please write a concurrent program in Java 8 that implements the following functionality: Write a Java program that demonstrates eager summoning of a singleton relic. The program should include a class with a static instance of the relic that is conjured at class loading. Provide a static method to retrieve this relic. The relic class should have a simple method (e.g., invokeSpell) that outputs an incantation to the console. In the main method, create and start multiple threads that access the shared relic and invoke the invokeSpell method. Ensure all threads complete before printing a final message of ritual completion. The requirements are as follows:

All classes and methods must be defined within a single .java file;
The program must include a public static void main(String[] args) method as the entry point;
No external libraries or dependencies should be used;
The code should be clear, well-structured, and follow Java 8 syntax standards;
If multiple classes are needed, they should all be placed in the same file, with non-public classes defined using the class keyword. 
The implementation must use multithreading to perform tasks concurrently. You may use Thread, Runnable, or ExecutorService from the standard Java library to achieve this. Ensure that thread safety is considered where necessary. 
Write Java 8 code only. Output a single complete code block using ```java```. Do not include any explanations, comments, or extra text. Only output the code, nothing else. 
The total number of threads used in the program, including the main thread, must not exceed 4. Use a fixed thread pool or manually manage at most 3 additional threads beyond the main thread. Avoid unbounded thread creation or cached thread pools. 
Do not add any annotations."
Eager initialization. M2,"Please write a concurrent program in Java 8 that implements the following functionality: Write a Java program that demonstrates eager manifestation of a singleton artifact. The program should include a class with a static instance of the artifact that is materialized at class loading. Provide a static method to access this artifact. The artifact class should have a simple method (e.g., performRitual) that prints a magical message to the console. In the main method, create and start multiple threads that interact with the shared artifact and invoke the performRitual method. Ensure all threads finish before printing a final message signaling the ritual’s completion. The requirements are as follows:

All classes and methods must be defined within a single .java file;
The program must include a public static void main(String[] args) method as the entry point;
No external libraries or dependencies should be used;
The code should be clear, well-structured, and follow Java 8 syntax standards;
If multiple classes are needed, they should all be placed in the same file, with non-public classes defined using the class keyword. 
The implementation must use multithreading to perform tasks concurrently. You may use Thread, Runnable, or ExecutorService from the standard Java library to achieve this. Ensure that thread safety is considered where necessary. 
Write Java 8 code only. Output a single complete code block using ```java```. Do not include any explanations, comments, or extra text. Only output the code, nothing else. 
The total number of threads used in the program, including the main thread, must not exceed 4. Use a fixed thread pool or manually manage at most 3 additional threads beyond the main thread. Avoid unbounded thread creation or cached thread pools. 
Do not add any annotations."
Eager initialization. M3,"Please write a concurrent program in Java 8 that implements the following functionality: Write a Java program that demonstrates eager conjuration of a singleton talisman. The program should include a class with a static instance of the talisman that is summoned at class loading. Provide a static method to obtain this talisman. The talisman class should have a simple method (e.g., activate) that displays a mystical message to the console. In the main method, create and start multiple threads that access the shared talisman and invoke the activate method. Ensure all threads complete before printing a final message marking the completion of the ritual. The requirements are as follows:

All classes and methods must be defined within a single .java file;
The program must include a public static void main(String[] args) method as the entry point;
No external libraries or dependencies should be used;
The code should be clear, well-structured, and follow Java 8 syntax standards;
If multiple classes are needed, they should all be placed in the same file, with non-public classes defined using the class keyword. 
The implementation must use multithreading to perform tasks concurrently. You may use Thread, Runnable, or ExecutorService from the standard Java library to achieve this. Ensure that thread safety is considered where necessary. 
Write Java 8 code only. Output a single complete code block using ```java```. Do not include any explanations, comments, or extra text. Only output the code, nothing else. 
The total number of threads used in the program, including the main thread, must not exceed 4. Use a fixed thread pool or manually manage at most 3 additional threads beyond the main thread. Avoid unbounded thread creation or cached thread pools. 
Do not add any annotations."
Monitor-based vehicle tracker implementation. M1,"Please write a concurrent program in Java 8 that implements the following functionality: Write a thread-safe ChronomanticDragonTracker class in Java that enchants the whereabouts of dragons using a synchronized constellation. The class should take an initial Constellation<String, MutableOrb> in its constructor and make a deep copy of it to prevent external tampering. All public methods must be synchronized to ensure thread safety. Implement a getConstellations() method that returns an unmodifiable deep copy of the entire constellation. Also provide a getOrb(String sigil) method that returns a new MutableOrb copy of the location for the given sigil, or null if not found. Include a setOrb(String sigil, int shimmerX, int shimmerY) method that updates the coordinates for the specified dragon and throws an IllegalArgumentException if the sigil is not present. Use a private static deepClone method to create a new constellation with copies of all MutableOrb values. The requirements are as follows:

All classes and methods must be defined within a single .java file;
The program must include a public static void main(String[] args) method as the entry point;
No external libraries or dependencies should be used;
The code should be clear, well-structured, and follow Java 8 syntax standards;
If multiple classes are needed, they should all be placed in the same file, with non-public classes defined using the class keyword.
The implementation must use multithreading to perform tasks concurrently. You may use Thread, Runnable, or ExecutorService from the standard Java library to achieve this. Ensure that thread safety is considered where necessary.
Write Java 8 code only. Output a single complete code block using ```java```. Do not include any explanations, comments, or extra text. Only output the code, nothing else. 
The total number of threads used in the program, including the main thread, must not exceed 3. Use a fixed thread pool or manually manage at most 2 additional threads beyond the main thread. Avoid unbounded thread creation or cached thread pools. 
Do not add any annotations."
Monitor-based vehicle tracker implementation. M2,"Please write a concurrent program in Java 8 that implements the following functionality: Write a thread-safe MysticSeahorseTracker class in Java that charts the currents of seahorses using a synchronized bubbleMap. The class should take an initial BubbleMap<String, MutableShell> in its constructor and make a deep copy of it to prevent external tinkering. All public methods must be synchronized to ensure thread safety. Implement a getCurrents() method that returns an unmodifiable deep copy of the entire bubbleMap. Also provide a getShell(String rune) method that returns a new MutableShell copy of the location for the given rune, or null if not found. Include a setShell(String rune, int swirlX, int swirlY) method that updates the coordinates for the specified seahorse and throws an IllegalArgumentException if the rune is not present. Use a private static deepReplicate method to create a new bubbleMap with copies of all MutableShell values. The requirements are as follows:

All classes and methods must be defined within a single .java file;
The program must include a public static void main(String[] args) method as the entry point;
No external libraries or dependencies should be used;
The code should be clear, well-structured, and follow Java 8 syntax standards;
If multiple classes are needed, they should all be placed in the same file, with non-public classes defined using the class keyword.
The implementation must use multithreading to perform tasks concurrently. You may use Thread, Runnable, or ExecutorService from the standard Java library to achieve this. Ensure that thread safety is considered where necessary.
Write Java 8 code only. Output a single complete code block using ```java```. Do not include any explanations, comments, or extra text. Only output the code, nothing else. 
The total number of threads used in the program, including the main thread, must not exceed 3. Use a fixed thread pool or manually manage at most 2 additional threads beyond the main thread. Avoid unbounded thread creation or cached thread pools. 
Do not add any annotations."
Monitor-based vehicle tracker implementation. M3,"Please write a concurrent program in Java 8 that implements the following functionality: Write a thread-safe CelestialGriffinTracker class in Java that monitors the flutters of griffins using a synchronized starlightMap. The class should take an initial StarlightMap<String, MutableGem> in its constructor and make a deep copy of it to prevent external interference. All public methods must be synchronized to ensure thread safety. Implement a getStarlights() method that returns an unmodifiable deep copy of the entire starlightMap. Also provide a getGem(String rune) method that returns a new MutableGem copy of the location for the given rune, or null if not found. Include a setGem(String rune, int glowX, int glowY) method that updates the coordinates for the specified griffin and throws an IllegalArgumentException if the rune is not present. Use a private static deepForge method to create a new starlightMap with copies of all MutableGem values. The requirements are as follows:

All classes and methods must be defined within a single .java file;
The program must include a public static void main(String[] args) method as the entry point;
No external libraries or dependencies should be used;
The code should be clear, well-structured, and follow Java 8 syntax standards;
If multiple classes are needed, they should all be placed in the same file, with non-public classes defined using the class keyword.
The implementation must use multithreading to perform tasks concurrently. You may use Thread, Runnable, or ExecutorService from the standard Java library to achieve this. Ensure that thread safety is considered where necessary.
Write Java 8 code only. Output a single complete code block using ```java```. Do not include any explanations, comments, or extra text. Only output the code, nothing else. 
The total number of threads used in the program, including the main thread, must not exceed 3. Use a fixed thread pool or manually manage at most 2 additional threads beyond the main thread. Avoid unbounded thread creation or cached thread pools. 
Do not add any annotations."
Driver loop that induces deadlock under typical conditions. M1,"Please write a concurrent program in Java 8 that implements the following functionality: Write a Java class named SummonChaosOrbs that simulates concurrent energy swaps between magical orbs to demonstrate the possibility of arcane stasis in multithreaded spellcasting applications. The program should create a fixed number of threads (e.g., 2) and a fixed number of Orb objects (e.g., 5). Each thread performs a large number of random exchanges (e.g., 10 iterations), selecting two random orbs and transferring a random mana shard using a method from a class called EtherealFlux.transferEnergy(Orb from, Orb to, ManaShard amount). This method is expected to lock both orbs before performing the exchange and may throw an InsufficientManaException, which should be caught and ignored. Each orb is initialized with a default value and must be thread-safe or synchronized as needed. Use a nested static class FluxThread that extends Thread and implements the transfer logic. Use Random to generate random indices for orbs and mana shard amounts. 
The requirements are as follows:

All classes and methods must be defined within a single .java file;
The program must include a public static void main(String[] args) method as the entry point;
No external libraries or dependencies should be used;
The code should be clear, well-structured, and follow Java 8 syntax standards;
If multiple classes are needed, they should all be placed in the same file, with non-public classes defined using the class keyword.
The implementation must use multithreading to perform tasks concurrently. You may use Thread, Runnable, or ExecutorService from the standard Java library to achieve this. Ensure that thread safety is considered where necessary. 
Write Java 8 code only. Output a single complete code block using ```java```. Do not include any explanations, comments, or extra text. Only output the code, nothing else. 
The total number of threads used in the program, including the main thread, must not exceed 3. Use a fixed thread pool or manually manage at most 2 additional threads beyond the main thread. Avoid unbounded thread creation or cached thread pools. 
Do not add any annotations."
Driver loop that induces deadlock under typical conditions. M2,"Please write a concurrent program in Java 8 that implements the following functionality: Write a Java class named ChronoCrystalBalancer that simulates concurrent time shard swaps between enchanted crystals to demonstrate the possibility of temporal deadlock in multithreaded spellcraft applications. The program should create a fixed number of threads (e.g., 2) and a fixed number of Crystal objects (e.g., 5). Each thread performs a large number of random resonance shifts (e.g., 10 iterations), selecting two random crystals and transferring a random chronoshard using a method from a class called TemporalFlux.shiftResonance(Crystal from, Crystal to, ChronoShard amount). This method is expected to lock both crystals before performing the shift and may throw an InsufficientChronoException, which should be caught and ignored. Each crystal is initialized with a default value and must be thread-safe or synchronized as needed. Use a nested static class ResonanceThread that extends Thread and implements the transfer logic. Use Random to generate random indices for crystals and chronoshard amounts.
The requirements are as follows:

All classes and methods must be defined within a single .java file;
The program must include a public static void main(String[] args) method as the entry point;
No external libraries or dependencies should be used;
The code should be clear, well-structured, and follow Java 8 syntax standards;
If multiple classes are needed, they should all be placed in the same file, with non-public classes defined using the class keyword.
The implementation must use multithreading to perform tasks concurrently. You may use Thread, Runnable, or ExecutorService from the standard Java library to achieve this. Ensure that thread safety is considered where necessary. 
Write Java 8 code only. Output a single complete code block using ```java```. Do not include any explanations, comments, or extra text. Only output the code, nothing else. 
The total number of threads used in the program, including the main thread, must not exceed 3. Use a fixed thread pool or manually manage at most 2 additional threads beyond the main thread. Avoid unbounded thread creation or cached thread pools. 
Do not add any annotations."
Driver loop that induces deadlock under typical conditions. M3,"Please write a concurrent program in Java 8 that implements the following functionality: Write a Java class named GoblinGoldShuffle that simulates concurrent gold nugget trades between mischievous goblins to demonstrate the possibility of chaotic deadlock in multithreaded hoarding applications. The program should create a fixed number of threads (e.g., 2) and a fixed number of GoblinPouch objects (e.g., 5). Each thread performs a large number of random swaps (e.g., 10 iterations), selecting two random pouches and transferring a random gold clump using a method from a class called SneakyTrade.transferGold(GoblinPouch from, GoblinPouch to, GoldClump amount). This method is expected to lock both pouches before performing the swap and may throw an InsufficientGoldException, which should be caught and ignored. Each pouch is initialized with a default value and must be thread-safe or synchronized as needed. Use a nested static class TradeThread that extends Thread and implements the swap logic. Use Random to generate random indices for pouches and gold amounts. 
The requirements are as follows:

All classes and methods must be defined within a single .java file;
The program must include a public static void main(String[] args) method as the entry point;
No external libraries or dependencies should be used;
The code should be clear, well-structured, and follow Java 8 syntax standards;
If multiple classes are needed, they should all be placed in the same file, with non-public classes defined using the class keyword.
The implementation must use multithreading to perform tasks concurrently. You may use Thread, Runnable, or ExecutorService from the standard Java library to achieve this. Ensure that thread safety is considered where necessary. 
Write Java 8 code only. Output a single complete code block using ```java```. Do not include any explanations, comments, or extra text. Only output the code, nothing else. 
The total number of threads used in the program, including the main thread, must not exceed 3. Use a fixed thread pool or manually manage at most 2 additional threads beyond the main thread. Avoid unbounded thread creation or cached thread pools. 
Do not add any annotations."
Barrier-based timer. M1,"Please write a concurrent program in Java 8 that implements the following functionality: Write a thread-safe CelestialHourglass class that implements the Runnable interface and is used to measure the flow of starlight between two cosmic events in a concurrent environment. The class should have three instance variables: a boolean activated, and two long values dawnTime and duskTime. When the run() method is called, it records the current chronon using System.nanoTime(). If this is the first call (i.e., activated is false), it sets activated to true and stores the time as dawnTime. On subsequent calls, it updates duskTime with the current chronon. Provide a reset() method that resets the hourglass by setting activated back to false. Also provide a getFlow() method that returns the difference between duskTime and dawnTime, representing the elapsed starlight in nanoseconds. All methods must be synchronized to ensure thread safety. The requirements are as follows:

All classes and methods must be defined within a single .java file;
The program must include a public static void main(String[] args) method as the entry point;
No external libraries or dependencies should be used;
The code should be clear, well-structured, and follow Java 8 syntax standards;
If multiple classes are needed, they should all be placed in the same file, with non-public classes defined using the class keyword.
The implementation must use multithreading to perform tasks concurrently. You may use Thread, Runnable, or ExecutorService from the standard Java library to achieve this. Ensure that thread safety is considered where necessary. 
Write Java 8 code only. Output a single complete code block using ```java```. Do not include any explanations, comments, or extra text. Only output the code, nothing else. 
The total number of threads used in the program, including the main thread, must not exceed 3. Use a fixed thread pool or manually manage at most 2 additional threads beyond the main thread. Avoid unbounded thread creation or cached thread pools. 
Do not add any annotations."
Barrier-based timer. M2,"Please write a concurrent program in Java 8 that implements the following functionality: Write a thread-safe DragonFlareTimer class that implements the Runnable interface and is used to measure the flare duration between two dragon breath events in a concurrent environment. The class should have three instance variables: a boolean ignited, and two long values flareStart and flareEnd. When the run() method is called, it records the current nano-blaze using System.nanoTime(). If this is the first call (i.e., ignited is false), it sets ignited to true and stores the time as flareStart. On subsequent calls, it updates flareEnd with the current nano-blaze. Provide a quench() method that resets the timer by setting ignited back to false. Also provide a getFlareDuration() method that returns the difference between flareEnd and flareStart, representing the elapsed dragon-fire in nanoseconds. All methods must be synchronized to ensure thread safety. The requirements are as follows:

All classes and methods must be defined within a single .java file;
The program must include a public static void main(String[] args) method as the entry point;
No external libraries or dependencies should be used;
The code should be clear, well-structured, and follow Java 8 syntax standards;
If multiple classes are needed, they should all be placed in the same file, with non-public classes defined using the class keyword.
The implementation must use multithreading to perform tasks concurrently. You may use Thread, Runnable, or ExecutorService from the standard Java library to achieve this. Ensure that thread safety is considered where necessary. 
Write Java 8 code only. Output a single complete code block using ```java```. Do not include any explanations, comments, or extra text. Only output the code, nothing else. 
The total number of threads used in the program, including the main thread, must not exceed 3. Use a fixed thread pool or manually manage at most 2 additional threads beyond the main thread. Avoid unbounded thread creation or cached thread pools. 
Do not add any annotations."
Barrier-based timer. M3,"Please write a concurrent program in Java 8 that implements the following functionality: Write a thread-safe MoonlightSandsTimer class that implements the Runnable interface and is used to measure the drift of moonlight sands between two enchanted events in a concurrent environment. The class should have three instance variables: a boolean flowing, and two long values sandStart and sandEnd. When the run() method is called, it records the current nano-grain using System.nanoTime(). If this is the first call (i.e., flowing is false), it sets flowing to true and stores the time as sandStart. On subsequent calls, it updates sandEnd with the current nano-grain. Provide a reset() method that restores the timer by setting flowing back to false. Also provide a getDrift() method that returns the difference between sandEnd and sandStart, representing the elapsed moonlight sands in nanoseconds. All methods must be synchronized to ensure thread safety. The requirements are as follows:

All classes and methods must be defined within a single .java file;
The program must include a public static void main(String[] args) method as the entry point;
No external libraries or dependencies should be used;
The code should be clear, well-structured, and follow Java 8 syntax standards;
If multiple classes are needed, they should all be placed in the same file, with non-public classes defined using the class keyword.
The implementation must use multithreading to perform tasks concurrently. You may use Thread, Runnable, or ExecutorService from the standard Java library to achieve this. Ensure that thread safety is considered where necessary. 
Write Java 8 code only. Output a single complete code block using ```java```. Do not include any explanations, comments, or extra text. Only output the code, nothing else. 
The total number of threads used in the program, including the main thread, must not exceed 3. Use a fixed thread pool or manually manage at most 2 additional threads beyond the main thread. Avoid unbounded thread creation or cached thread pools. 
Do not add any annotations."
Nonblocking counter using CAS. M1,"Please write a concurrent program in Java 8 that implements the following functionality: Write a thread-safe PixieDustCounter class that uses a custom EnchantedCAS implementation to provide magical increment functionality using the Compare-and-Swap (CAS) pattern. The PixieDustCounter should have an internal EnchantedCAS field and expose two methods: getDustLevel() which returns the current dust level, and sprinkle() which atomically increases the dust using a loop with CAS logic. The EnchantedCAS class must implement a compareAndSwap(int expected, int newValue) method that performs the swap only if the current dust level matches the expected one, returning the original value in both cases. The requirements are as follows:

All classes and methods must be defined within a single .java file;
The program must include a public static void main(String[] args) method as the entry point;
No external libraries or dependencies should be used;
The code should be clear, well-structured, and follow Java 8 syntax standards;
If multiple classes are needed, they should all be placed in the same file, with non-public classes defined using the class keyword.
The implementation must use multithreading to perform tasks concurrently. You may use Thread, Runnable, or ExecutorService from the standard Java library to achieve this. Ensure that thread safety is considered where necessary. 
Write Java 8 code only. Output a single complete code block using ```java```. Do not include any explanations, comments, or extra text. Only output the code, nothing else. 
The total number of threads used in the program, including the main thread, must not exceed 3. Use a fixed thread pool or manually manage at most 2 additional threads beyond the main thread. Avoid unbounded thread creation or cached thread pools. 
Do not add any annotations."
Nonblocking counter using CAS. M2,"Please write a concurrent program in Java 8 that implements the following functionality: Write a thread-safe DragonScaleCounter class that uses a custom MysticCAS implementation to provide arcane increment functionality using the Compare-and-Swap (CAS) pattern. The DragonScaleCounter should have an internal MysticCAS field and expose two methods: getScaleCount() which returns the current scale count, and growScale() which atomically adds a new scale using a loop with CAS logic. The MysticCAS class must implement a compareAndSwap(int expected, int newValue) method that performs the swap only if the current scale count matches the expected one, returning the original value in both cases. The requirements are as follows:

All classes and methods must be defined within a single .java file;
The program must include a public static void main(String[] args) method as the entry point;
No external libraries or dependencies should be used;
The code should be clear, well-structured, and follow Java 8 syntax standards;
If multiple classes are needed, they should all be placed in the same file, with non-public classes defined using the class keyword.
The implementation must use multithreading to perform tasks concurrently. You may use Thread, Runnable, or ExecutorService from the standard Java library to achieve this. Ensure that thread safety is considered where necessary. 
Write Java 8 code only. Output a single complete code block using ```java```. Do not include any explanations, comments, or extra text. Only output the code, nothing else. 
The total number of threads used in the program, including the main thread, must not exceed 3. Use a fixed thread pool or manually manage at most 2 additional threads beyond the main thread. Avoid unbounded thread creation or cached thread pools. 
Do not add any annotations."
Nonblocking counter using CAS. M3,"Please write a concurrent program in Java 8 that implements the following functionality: Write a thread-safe StarlightShardCounter class that uses a custom QuantumCAS implementation to provide celestial increment functionality using the Compare-and-Swap (CAS) pattern. The StarlightShardCounter should have an internal QuantumCAS field and expose two methods: getShardLevel() which returns the current starlight shard level, and gatherShard() which atomically collects a shard using a loop with CAS logic. The QuantumCAS class must implement a compareAndSwap(int expected, int newValue) method that performs the swap only if the current shard level matches the expected one, returning the original value in both cases. The requirements are as follows:

All classes and methods must be defined within a single .java file;
The program must include a public static void main(String[] args) method as the entry point;
No external libraries or dependencies should be used;
The code should be clear, well-structured, and follow Java 8 syntax standards;
If multiple classes are needed, they should all be placed in the same file, with non-public classes defined using the class keyword.
The implementation must use multithreading to perform tasks concurrently. You may use Thread, Runnable, or ExecutorService from the standard Java library to achieve this. Ensure that thread safety is considered where necessary. 
Write Java 8 code only. Output a single complete code block using ```java```. Do not include any explanations, comments, or extra text. Only output the code, nothing else. 
The total number of threads used in the program, including the main thread, must not exceed 3. Use a fixed thread pool or manually manage at most 2 additional threads beyond the main thread. Avoid unbounded thread creation or cached thread pools. 
Do not add any annotations."
Using a factory method to prevent the this reference from escaping during construction. M1,"Please write a concurrent program in Java 8 that implements the following functionality: Create a Java class called MysticWatcher that securely attaches a magical observer to an ArcaneSource. The class should have a private constructor and a static factory method called summonInstance, which takes an ArcaneSource object as a parameter, creates an instance of MysticWatcher, registers a new ArcaneListener with the provided ArcaneSource, and returns the created MysticWatcher instance. The ArcaneListener should be implemented so that when its onMysticEvent method is called, it invokes a method named castSpell on the MysticWatcher instance. Also include empty definitions for the ArcaneSource, ArcaneListener, and MysticEvent interfaces so that the code compiles correctly. Ensure that the observer registration is done safely to prevent leaks or improper magical access. The requirements are as follows:

All classes and methods must be defined within a single .java file;
The program must include a public static void main(String[] args) method as the entry point;
No external libraries or dependencies should be used;
The code should be clear, well-structured, and follow Java 8 syntax standards;
If multiple classes are needed, they should all be placed in the same file, with non-public classes defined using the class keyword.
The implementation must use multithreading to perform tasks concurrently. You may use Thread, Runnable, or ExecutorService from the standard Java library to achieve this. Ensure that thread safety is considered where necessary. 
Write Java 8 code only. Output a single complete code block using ```java```. Do not include any explanations, comments, or extra text. Only output the code, nothing else.
The total number of threads used in the program, including the main thread, must not exceed 2. Use a fixed thread pool or manually manage at most 1 additional threads beyond the main thread. Avoid unbounded thread creation or cached thread pools. 
Do not add any annotations."
Using a factory method to prevent the this reference from escaping during construction. M2,"Please write a concurrent program in Java 8 that implements the following functionality: Create a Java class called CelestialScribe that securely binds a starry observer to a CosmicSource. The class should have a private constructor and a static factory method called scribeInstance, which takes a CosmicSource object as a parameter, creates an instance of CelestialScribe, registers a new StarlightListener with the provided CosmicSource, and returns the created CelestialScribe instance. The StarlightListener should be implemented so that when its onCosmicEvent method is called, it invokes a method named recordTwinkle on the CelestialScribe instance. Also include empty definitions for the CosmicSource, StarlightListener, and CosmicEvent interfaces so that the code compiles correctly. Ensure that the observer registration is done safely to prevent leaks or improper astral access. The requirements are as follows:

All classes and methods must be defined within a single .java file;
The program must include a public static void main(String[] args) method as the entry point;
No external libraries or dependencies should be used;
The code should be clear, well-structured, and follow Java 8 syntax standards;
If multiple classes are needed, they should all be placed in the same file, with non-public classes defined using the class keyword.
The implementation must use multithreading to perform tasks concurrently. You may use Thread, Runnable, or ExecutorService from the standard Java library to achieve this. Ensure that thread safety is considered where necessary. 
Write Java 8 code only. Output a single complete code block using ```java```. Do not include any explanations, comments, or extra text. Only output the code, nothing else.
The total number of threads used in the program, including the main thread, must not exceed 2. Use a fixed thread pool or manually manage at most 1 additional threads beyond the main thread. Avoid unbounded thread creation or cached thread pools. 
Do not add any annotations."
Using a factory method to prevent the this reference from escaping during construction. M3,"Please write a concurrent program in Java 8 that implements the following functionality: Create a Java class called GoblinEcho that securely attaches a mischievous listener to a TreasureSource. The class should have a private constructor and a static factory method called summonEcho, which takes a TreasureSource object as a parameter, creates an instance of GoblinEcho, registers a new WhisperListener with the provided TreasureSource, and returns the created GoblinEcho instance. The WhisperListener should be implemented so that when its onWhisper method is called, it invokes a method named performMischief on the GoblinEcho instance. Also include empty definitions for the TreasureSource, WhisperListener, and GoblinWhisper interfaces so that the code compiles correctly. Ensure that the listener registration is done safely to prevent leaks or improper goblin meddling. The requirements are as follows:

All classes and methods must be defined within a single .java file;
The program must include a public static void main(String[] args) method as the entry point;
No external libraries or dependencies should be used;
The code should be clear, well-structured, and follow Java 8 syntax standards;
If multiple classes are needed, they should all be placed in the same file, with non-public classes defined using the class keyword.
The implementation must use multithreading to perform tasks concurrently. You may use Thread, Runnable, or ExecutorService from the standard Java library to achieve this. Ensure that thread safety is considered where necessary. 
Write Java 8 code only. Output a single complete code block using ```java```. Do not include any explanations, comments, or extra text. Only output the code, nothing else.
The total number of threads used in the program, including the main thread, must not exceed 2. Use a fixed thread pool or manually manage at most 1 additional threads beyond the main thread. Avoid unbounded thread creation or cached thread pools. 
Do not add any annotations."
Thread-safe mutable integer holder. M0,"Please write a concurrent program in Java 8 that implements the following functionality: Create a thread-safe class in Java that holds a mutable integer value. The class should have methods to get and set the value, both of which must be synchronized to ensure safe access and modification from multiple threads. Use internal locking (synchronized methods) to protect the integrity of the shared state. The requirements are as follows:
  
  All classes and methods must be defined within a single .java file;
  The program must include a public static void main(String[] args) method as the entry point;
  No external libraries or dependencies should be used;
  The code should be clear, well-structured, and follow Java 8 syntax standards;
  If multiple classes are needed, they should all be placed in the same file, with non-public classes defined using the class keyword.
  The implementation must use multithreading to perform tasks concurrently. You may use Thread, Runnable, or ExecutorService from the standard Java library to achieve this. Ensure that thread safety is considered where necessary.
  Write Java 8 code only. Output a single complete code block using ```java```. Do not include any explanations, comments, or extra text. Only output the code, nothing else.
  The total number of threads used in the program, including the main thread, must not exceed 3. Use a fixed thread pool or manually manage at most 2 additional threads beyond the main thread. Avoid unbounded thread creation or cached thread pools. 
  Do not add any annotations."
Counting sheep. M0,"Please write a concurrent program in Java 8 that implements the following functionality: Write a Java program that simulates a person trying to fall asleep by repeatedly counting sheep. The program should include a class with a volatile boolean variable called ""asleep"" to indicate whether the person is asleep. It should also have a method named ""tryToSleep"" which contains a loop that continues as long as ""asleep"" is false. Inside the loop, it should call another method named ""countSomeSheep"". Implement the ""countSomeSheep"" method to represent the action of counting sheep, though its exact implementation can be left empty or contain a simple comment indicating the counting action. The requirements are as follows:

All classes and methods must be defined within a single .java file;
The program must include a public static void main(String[] args) method as the entry point;
No external libraries or dependencies should be used;
The code should be clear, well-structured, and follow Java 8 syntax standards;
If multiple classes are needed, they should all be placed in the same file, with non-public classes defined using the class keyword.
The implementation must use multithreading to perform tasks concurrently. You may use Thread, Runnable, or ExecutorService from the standard Java library to achieve this. Ensure that thread safety is considered where necessary. 
Write Java 8 code only. Output a single complete code block using ```java```. Do not include any explanations, comments, or extra text. Only output the code, nothing else.
The total number of threads used in the program, including the main thread, must not exceed 3. Use a fixed thread pool or manually manage at most 2 additional threads beyond the main thread. Avoid unbounded thread creation or cached thread pools.
Do not add any annotations."
Publishing an object. M0,"Please write a concurrent program in Java 8 that implements the following functionality: Create a Java class named Secrets that contains a static Set of objects of type Secret. This set should be initialized with a new instance of HashSet in a method called initialize(). Also, define an empty class named Secret. The goal is for the knownSecrets set to be accessible globally through the Secrets class and be able to store multiple instances of the Secret class. The requirements are as follows:

All classes and methods must be defined within a single .java file;
The program must include a public static void main(String[] args) method as the entry point;
No external libraries or dependencies should be used;
The code should be clear, well-structured, and follow Java 8 syntax standards;
If multiple classes are needed, they should all be placed in the same file, with non-public classes defined using the class keyword.
The implementation must use multithreading to perform tasks concurrently. You may use Thread, Runnable, or ExecutorService from the standard Java library to achieve this. Ensure that thread safety is considered where necessary. 
Write Java 8 code only. Output a single complete code block using ```java```. Do not include any explanations, comments, or extra text. Only output the code, nothing else.
The total number of threads used in the program, including the main thread, must not exceed 3. Use a fixed thread pool or manually manage at most 2 additional threads beyond the main thread. Avoid unbounded thread creation or cached thread pools. 
Do not add any annotations."
Using a factory method to prevent the this reference from escaping during construction. M0,"Please write a concurrent program in Java 8 that implements the following functionality: Create a Java class called SafeListener that securely registers an event listener with an event source. The class should have a private constructor and a static factory method called newInstance, which takes an EventSource object as a parameter, creates an instance of SafeListener, registers a new EventListener with the provided event source, and returns the created SafeListener instance. The EventListener should be implemented in such a way that when its onEvent method is called, it invokes a method named doSomething on the SafeListener instance. Also include empty definitions for the EventSource, EventListener, and Event interfaces so that the code compiles correctly. Ensure that the listener registration is done safely to prevent leaks or improper access. The requirements are as follows:

All classes and methods must be defined within a single .java file;
The program must include a public static void main(String[] args) method as the entry point;
No external libraries or dependencies should be used;
The code should be clear, well-structured, and follow Java 8 syntax standards;
If multiple classes are needed, they should all be placed in the same file, with non-public classes defined using the class keyword.
The implementation must use multithreading to perform tasks concurrently. You may use Thread, Runnable, or ExecutorService from the standard Java library to achieve this. Ensure that thread safety is considered where necessary. 
Write Java 8 code only. Output a single complete code block using ```java```. Do not include any explanations, comments, or extra text. Only output the code, nothing else.
The total number of threads used in the program, including the main thread, must not exceed 2. Use a fixed thread pool or manually manage at most 1 additional threads beyond the main thread. Avoid unbounded thread creation or cached thread pools. 
Do not add any annotations."
Thread confinement of local primitive and reference variables. M0,"Please write a concurrent program in Java 8 that implements the following functionality: Create a Java program that models the process of loading animals onto an ark in pairs. The program should define classes and enums representing animals, their species and gender, and a mechanism for pairing animals based on species and gender compatibility. Each animal has a species and gender, and only animals of the same species and opposite genders can form a pair.

The main logic is implemented in a method called loadTheArk, which takes a collection of candidate animals as input and returns the number of valid pairs formed. Inside this method, animals are sorted using a custom comparator that orders them first by species and then by gender. This ensures that animals of the same species and opposite genders are grouped together for pairing.

Additionally, implement a class to represent the ark that can store these animal pairs, and a helper class to represent each pair of animals. Ensure proper encapsulation and thread confinement of variables within the method, preventing any unintended side effects or data sharing between threads. The requirements are as follows:

All classes and methods must be defined within a single .java file;
The program must include a public static void main(String[] args) method as the entry point;
No external libraries or dependencies should be used;
The code should be clear, well-structured, and follow Java 8 syntax standards;
If multiple classes are needed, they should all be placed in the same file, with non-public classes defined using the class keyword.
The implementation must use multithreading to perform tasks concurrently. You may use Thread, Runnable, or ExecutorService from the standard Java library to achieve this. Ensure that thread safety is considered where necessary. 
Write Java 8 code only. Output a single complete code block using ```java```. Do not include any explanations, comments, or extra text. Only output the code, nothing else.
The total number of threads used in the program, including the main thread, must not exceed 3. Use a fixed thread pool or manually manage at most 2 additional threads beyond the main thread. Avoid unbounded thread creation or cached thread pools. 
Do not add any annotations."
Immutable class built out of mutable underlying objects. M0,"Please write a concurrent program in Java 8 that implements the following functionality: Create a Java class named ThreeStooges that represents an immutable collection of names belonging to the Three Stooges (Moe, Larry, and Curly). The class should use a Set internally to store these names and provide a method to check if a given name is one of the Stooges. Additionally, include a method that returns a string representation of all Stooge names in list format. Ensure that the internal collection remains immutable from the outside, even though it is built using mutable objects. The requirements are as follows:
  
  All classes and methods must be defined within a single .java file;
  The program must include a public static void main(String[] args) method as the entry point;
  No external libraries or dependencies should be used;
  The code should be clear, well-structured, and follow Java 8 syntax standards;
  If multiple classes are needed, they should all be placed in the same file, with non-public classes defined using the class keyword.
 The implementation must use multithreading to perform tasks concurrently. You may use Thread, Runnable, or ExecutorService from the standard Java library to achieve this. Ensure that thread safety is considered where necessary. 
  Write Java 8 code only. Output a single complete code block using ```java```. Do not include any explanations, comments, or extra text. Only output the code, nothing else.
  The total number of threads used in the program, including the main thread, must not exceed 3. Use a fixed thread pool or manually manage at most 2 additional threads beyond the main thread. Avoid unbounded thread creation or cached thread pools. 
  Do not add any annotations."
Immutable holder for caching a number and its factors. M0,"Please write a concurrent program in Java 8 that implements the following functionality: Create a Java class that represents an immutable cache for storing a number and its factors. The class should store a single number as a BigInteger and its corresponding factors as an array of BigInteger. It should provide a method to retrieve the cached factors if the input number matches the stored number, otherwise return null. The returned factors array should be a copy to prevent modification of the internal state. Ensure thread safety by making the class immutable using appropriate patterns. The requirements are as follows:

All classes and methods must be defined within a single .java file;
The program must include a public static void main(String[] args) method as the entry point;
No external libraries or dependencies should be used;
The code should be clear, well-structured, and follow Java 8 syntax standards;
If multiple classes are needed, they should all be placed in the same file, with non-public classes defined using the class keyword.
The implementation must use multithreading to perform tasks concurrently. You may use Thread, Runnable, or ExecutorService from the standard Java library to achieve this. Ensure that thread safety is considered where necessary. 
Write Java 8 code only. Output a single complete code block using ```java```. Do not include any explanations, comments, or extra text. Only output the code, nothing else.
The total number of threads used in the program, including the main thread, must not exceed 3. Use a fixed thread pool or manually manage at most 2 additional threads beyond the main thread. Avoid unbounded thread creation or cached thread pools. 
Do not add any annotations."
Caching the last result using a volatile reference to an immutable holder object. M0,"Please write a concurrent program in Java 8 that implements the following functionality: Create a Java servlet that caches the result of a computation using a volatile reference to an immutable cache object. The servlet should handle requests by extracting a BigInteger value from the request, checking if the cached result matches the input value, and if not, recompute the result and update the cache. The computation in this case is a placeholder that simply returns the input value as a single-element array. The cache should be thread-safe and implemented as an immutable helper class. Use a volatile variable to hold the cache reference to ensure visibility across threads. Include appropriate annotations and structure to indicate thread safety. The requirements are as follows:

All classes and methods must be defined within a single .java file;
The program must include a public static void main(String[] args) method as the entry point;
No external libraries or dependencies should be used;
The code should be clear, well-structured, and follow Java 8 syntax standards;
If multiple classes are needed, they should all be placed in the same file, with non-public classes defined using the class keyword.
The implementation must use multithreading to perform tasks concurrently. You may use Thread, Runnable, or ExecutorService from the standard Java library to achieve this. Ensure that thread safety is considered where necessary. 
Write Java 8 code only. Output a single complete code block using ```java```. Do not include any explanations, comments, or extra text. Only output the code, nothing else.
The total number of threads used in the program, including the main thread, must not exceed 3. Use a fixed thread pool or manually manage at most 2 additional threads beyond the main thread. Avoid unbounded thread creation or cached thread pools. 
Do not add any annotations."
Using confinement to ensure thread safety. M0,"Please write a concurrent program in Java 8 that implements the following functionality: Create a thread-safe Java class called PersonSet that uses synchronization to ensure safe concurrent access to a set of Person objects. The class should encapsulate a Set<Person> variable, initialized as a HashSet. It should provide two synchronized methods: one to add a Person object to the set, and another to check if the set contains a specific Person object. Additionally, define the Person interface as a nested type within the class. The requirements are as follows:
  
  All classes and methods must be defined within a single .java file;
  The program must include a public static void main(String[] args) method as the entry point;
  No external libraries or dependencies should be used;
  The code should be clear, well-structured, and follow Java 8 syntax standards;
  If multiple classes are needed, they should all be placed in the same file, with non-public classes defined using the class keyword.
 The implementation must use multithreading to perform tasks concurrently. You may use Thread, Runnable, or ExecutorService from the standard Java library to achieve this. Ensure that thread safety is considered where necessary. 
  Write Java 8 code only. Output a single complete code block using ```java```. Do not include any explanations, comments, or extra text. Only output the code, nothing else.
  The total number of threads used in the program, including the main thread, must not exceed 3. Use a fixed thread pool or manually manage at most 2 additional threads beyond the main thread. Avoid unbounded thread creation or cached thread pools. 
  Do not add any annotations."
Guarding state with a private lock. M0,"Please write a concurrent program in Java 8 that implements the following functionality: Create a Java class that encapsulates an object and uses a private lock to synchronize access to it. The class should have a member variable representing some state (e.g., a Widget object), which is guarded by the private lock. Include a method where critical sections are protected using the synchronized keyword on the private lock, ensuring thread-safe access or modification of the guarded state. The requirements are as follows:

All classes and methods must be defined within a single .java file;
The program must include a public static void main(String[] args) method as the entry point;
No external libraries or dependencies should be used;
The code should be clear, well-structured, and follow Java 8 syntax standards;
If multiple classes are needed, they should all be placed in the same file, with non-public classes defined using the class keyword.
The implementation must use multithreading to perform tasks concurrently. You may use Thread, Runnable, or ExecutorService from the standard Java library to achieve this. Ensure that thread safety is considered where necessary. 
Write Java 8 code only. Output a single complete code block using ```java```. Do not include any explanations, comments, or extra text. Only output the code, nothing else.
The total number of threads used in the program, including the main thread, must not exceed 3. Use a fixed thread pool or manually manage at most 2 additional threads beyond the main thread. Avoid unbounded thread creation or cached thread pools. 
Do not add any annotations."
Immutable Point class used by DelegatingVehicleTracker. M0,"Please write a concurrent program in Java 8 that implements the following functionality: Create an immutable class named Point that represents a coordinate in a two-dimensional space. The class should have two public final fields, x and y, both of type int, to store the coordinates. The class should include a constructor that takes two integer parameters to initialize the x and y values. Ensure that no methods are added that could modify the state of the object after creation. The requirements are as follows:

All classes and methods must be defined within a single .java file;
The program must include a public static void main(String[] args) method as the entry point;
No external libraries or dependencies should be used;
The code should be clear, well-structured, and follow Java 8 syntax standards;
If multiple classes are needed, they should all be placed in the same file, with non-public classes defined using the class keyword. 
The implementation must use multithreading to perform tasks concurrently. You may use Thread, Runnable, or ExecutorService from the standard Java library to achieve this. Ensure that thread safety is considered where necessary. 
Write Java 8 code only. Output a single complete code block using ```java```. Do not include any explanations, comments, or extra text. Only output the code, nothing else.
The total number of threads used in the program, including the main thread, must not exceed 6. Use a fixed thread pool or manually manage at most 5 additional threads beyond the main thread. Avoid unbounded thread creation or cached thread pools. 
Do not add any annotations."
Delegating thread safety to a ConcurrentHashMap. M0,"Please write a concurrent program in Java 8 that implements the following functionality: Create a Java class called DelegatingVehicleTracker that manages the locations of vehicles in a thread-safe manner. The class should use a ConcurrentHashMap to store vehicle locations, where each vehicle is identified by a unique String ID and its current location is represented by a Point object. Provide the following functionality:

A constructor that accepts an initial Map of vehicle IDs to Points and initializes the internal concurrent map with these values.
A method getLocations() that returns an unmodifiable view of the current vehicle locations to prevent external modification.
A method getLocation(String id) that returns the current location of the specified vehicle or null if the vehicle does not exist.
A method setLocation(String id, int x, int y) that updates the location of an existing vehicle with the given ID to the new coordinates (x, y). If the vehicle does not exist, this method should throw an appropriate exception such as IllegalArgumentException.
An alternative method getLocationsAsStatic() that returns a snapshot of the current locations as an unmodifiable Map to provide a consistent view of all locations at the time of invocation.
Ensure that all operations are thread-safe without requiring additional synchronization in the class. Use standard Java libraries for concurrency and collections. The requirements are as follows:

All classes and methods must be defined within a single .java file;
The program must include a public static void main(String[] args) method as the entry point;
No external libraries or dependencies should be used;
The code should be clear, well-structured, and follow Java 8 syntax standards;
If multiple classes are needed, they should all be placed in the same file, with non-public classes defined using the class keyword. 
The implementation must use multithreading to perform tasks concurrently. You may use Thread, Runnable, or ExecutorService from the standard Java library to achieve this. Ensure that thread safety is considered where necessary. 
Write Java 8 code only. Output a single complete code block using ```java```. Do not include any explanations, comments, or extra text. Only output the code, nothing else.
The total number of threads used in the program, including the main thread, must not exceed 6. Use a fixed thread pool or manually manage at most 5 additional threads beyond the main thread. Avoid unbounded thread creation or cached thread pools. 
Do not add any annotations."
Returning a static copy of the location set instead of a 'live' one. M0,"Please write a concurrent program in Java 8 that implements the following functionality: Create a Java class called DelegatingVehicleTracker that manages the locations of vehicles in a thread-safe manner using a ConcurrentHashMap. The class should provide methods to get the location of a specific vehicle, set the location of a vehicle, and return an unmodifiable view of all vehicle locations. Use delegation to ensure thread safety without explicitly synchronizing methods. Initialize the tracker with a map of vehicle IDs to their initial locations. Include two versions of the method to retrieve all locations: one that returns a live unmodifiable map backed by the original data, and another that returns a static snapshot of the current state as an unmodifiable map. Ensure that updating a vehicle's location only succeeds if the vehicle ID already exists in the map. The requirements are as follows:

All classes and methods must be defined within a single .java file;
The program must include a public static void main(String[] args) method as the entry point;
No external libraries or dependencies should be used;
The code should be clear, well-structured, and follow Java 8 syntax standards;
If multiple classes are needed, they should all be placed in the same file, with non-public classes defined using the class keyword. 
The implementation must use multithreading to perform tasks concurrently. You may use Thread, Runnable, or ExecutorService from the standard Java library to achieve this. Ensure that thread safety is considered where necessary. 
The total number of threads used in the program, including the main thread, must not exceed 3. Use a fixed thread pool or manually manage at most 2 additional threads beyond the main thread. Avoid unbounded thread creation or cached thread pools. 
Do not add any annotations."
Vehicle tracker that safely publishes underlying state. M0,"Please write a concurrent program in Java 8 that implements the following functionality: Create a Java class called PublishingVehicleTracker that manages the locations of vehicles in a thread-safe manner. The class should allow safe publication of its internal state to prevent unintended modifications from external code. Use a thread-safe map implementation to store vehicle locations, where each entry maps a vehicle ID (String) to a SafePoint object that represents its current coordinates. Provide an unmodifiable view of the full location map for external access. Include methods to retrieve the full map of vehicle locations, get the location of a specific vehicle by ID, and update the location of a vehicle by setting its x and y coordinates. Ensure that attempting to update a non-existent vehicle throws an appropriate exception. The design should follow best practices for encapsulation and thread safety. The requirements are as follows:

All classes and methods must be defined within a single .java file;
The program must include a public static void main(String[] args) method as the entry point;
No external libraries or dependencies should be used;
The code should be clear, well-structured, and follow Java 8 syntax standards;
If multiple classes are needed, they should all be placed in the same file, with non-public classes defined using the class keyword. 
The implementation must use multithreading to perform tasks concurrently. You may use Thread, Runnable, or ExecutorService from the standard Java library to achieve this. Ensure that thread safety is considered where necessary. 
Write Java 8 code only. Output a single complete code block using ```java```. Do not include any explanations, comments, or extra text. Only output the code, nothing else.
The total number of threads used in the program, including the main thread, must not exceed 3. Use a fixed thread pool or manually manage at most 2 additional threads beyond the main thread. Avoid unbounded thread creation or cached thread pools. 
Do not add any annotations."
Implementing put-if-absent using composition. M0,"Please write a concurrent program in Java 8 that implements the following functionality: Create a Java class named ImproveList that implements the List interface and enhances it by providing a thread-safe putIfAbsent method. The class should wrap an existing List instance, which is provided via the constructor. All methods of the List interface should delegate to the underlying list. Ensure that all mutative operations (e.g., add, remove, addAll, etc.) are synchronized to maintain atomicity, especially for the putIfAbsent method. The putIfAbsent method should check if the specified element is already present in the list; if not, it should add the element and return true, otherwise return false. Make sure the class is properly documented and follows good design practices. The requirements are as follows:

All classes and methods must be defined within a single .java file;
The program must include a public static void main(String[] args) method as the entry point;
No external libraries or dependencies should be used;
The code should be clear, well-structured, and follow Java 8 syntax standards;
If multiple classes are needed, they should all be placed in the same file, with non-public classes defined using the class keyword. 
The implementation must use multithreading to perform tasks concurrently. You may use Thread, Runnable, or ExecutorService from the standard Java library to achieve this. Ensure that thread safety is considered where necessary. 
Write Java 8 code only. Output a single complete code block using ```java```. Do not include any explanations, comments, or extra text. Only output the code, nothing else. 
The total number of threads used in the program, including the main thread, must not exceed 3. Use a fixed thread pool or manually manage at most 2 additional threads beyond the main thread. Avoid unbounded thread creation or cached thread pools. 
Do not add any annotations."
Using CountDownLatch for starting and stopping threads in timing tests. M0,"Please write a concurrent program in Java 8 that implements the following functionality: The Java 8 multi-threading performance testing tool utilizes CountDownLatch for thread synchronization and execution timing. The core method timeTasks accepts the number of threads and a task logic, employing two CountDownLatch instances (a ""start gate"" for synchronized thread initiation and an ""end gate"" for completion waiting) to ensure all threads begin simultaneously and the main thread waits for their completion. High-precision timing is achieved with System.nanoTime(), while manual thread creation and Lambda expressions implement the task logic. The design handles thread interruption by preserving the interrupt status and supports functional extension through arbitrary Runnable task inputs. This structure enables accurate measurement of parallel execution performance in scenarios like simulated workload testing. The requirements are as follows:

All classes and methods must be defined within a single .java file;
The program must include a public static void main(String[] args) method as the entry point;
No external libraries or dependencies should be used;
The code should be clear, well-structured, and follow Java 8 syntax standards;
If multiple classes are needed, they should all be placed in the same file, with non-public classes defined using the class keyword.
The implementation must use multithreading to perform tasks concurrently. You may use Thread, Runnable, or ExecutorService from the standard Java library to achieve this. Ensure that thread safety is considered where necessary. 
Write Java 8 code only. Output a single complete code block using ```java```. Do not include any explanations, comments, or extra text. Only output the code, nothing else. 
The total number of threads used in the program, including the main thread, must not exceed 2. Use a fixed thread pool or manually manage at most 1 additional threads beyond the main thread. Avoid unbounded thread creation or cached thread pools. 
Do not add any annotations."
Using FutureTask to preload data that is needed later. M0,"Please write a concurrent program in Java 8 that implements the following functionality: Write a Java class called Preloader that simulates the preloading of data using a separate thread. The class should use a FutureTask to perform the data loading asynchronously and provide two main operations: a method to start the background task and another to retrieve the result of the task when needed.

The class should include:

A method ProductInfo loadProductInfo() which simulates loading data and may throw a custom exception called DataLoadException.
A FutureTask that wraps a Callable to execute the loadProductInfo method in the background.
A dedicated Thread instance to run the FutureTask.
A start() method to begin the execution of the background task.
A get() method that returns the loaded ProductInfo and propagates any exceptions thrown during the loading process, including properly handling and rethrowing them (e.g., wrapping unexpected exceptions using a utility-like approach).
Also define:

An interface ProductInfo as a placeholder for the loaded data type.
A custom exception class DataLoadException that extends Exception.
Ensure the code is structured to be non-blocking during data loading but blocks only when retrieving the result via get(), and correctly handles error propagation from the background task. Write a Java class called Preloader that simulates the preloading of data using a separate thread. The class should use a FutureTask to perform the data loading asynchronously and provide two main operations: a method to start the background task and another to retrieve the result of the task when needed.

The class should include:

A method ProductInfo loadProductInfo() which simulates loading data and may throw a custom exception called DataLoadException.
A FutureTask that wraps a Callable to execute the loadProductInfo method in the background.
A dedicated Thread instance to run the FutureTask.
A start() method to begin the execution of the background task.
A get() method that returns the loaded ProductInfo and propagates any exceptions thrown during the loading process, including properly handling and rethrowing them (e.g., wrapping unexpected exceptions using a utility-like approach).
Also define:

An interface ProductInfo as a placeholder for the loaded data type.
A custom exception class DataLoadException that extends Exception.
Ensure the code is structured to be non-blocking during data loading but blocks only when retrieving the result via get(), and correctly handles error propagation from the background task. The requirements are as follows:

All classes and methods must be defined within a single .java file;
The program must include a public static void main(String[] args) method as the entry point;
No external libraries or dependencies should be used;
The code should be clear, well-structured, and follow Java 8 syntax standards;
If multiple classes are needed, they should all be placed in the same file, with non-public classes defined using the class keyword. 
The implementation must use multithreading to perform tasks concurrently. You may use Thread, Runnable, or ExecutorService from the standard Java library to achieve this. Ensure that thread safety is considered where necessary. 
Write Java 8 code only. Output a single complete code block using ```java```. Do not include any explanations, comments, or extra text. Only output the code, nothing else. 
The total number of threads used in the program, including the main thread, must not exceed 2. Use a fixed thread pool or manually manage at most 1 additional threads beyond the main thread. Avoid unbounded thread creation or cached thread pools. 
Do not add any annotations."
Using a volatile field to hold cancellation state. M0,"Please write a concurrent program in Java 8 that implements the following functionality: Write a Java program that generates prime numbers in a separate thread for a duration of one second, then cancels the generation and returns the list of found primes. Use a volatile variable to manage the cancellation state, ensure thread-safe access to the shared list of primes, and utilize an ExecutorService to run the task in a separate thread. The program should include a method to retrieve the collected prime numbers and properly cancel the computation after one second has elapsed. The requirements are as follows:

All classes and methods must be defined within a single .java file;
The program must include a public static void main(String[] args) method as the entry point;
No external libraries or dependencies should be used;
The code should be clear, well-structured, and follow Java 8 syntax standards;
If multiple classes are needed, they should all be placed in the same file, with non-public classes defined using the class keyword. 
The implementation must use multithreading to perform tasks concurrently. You may use Thread, Runnable, or ExecutorService from the standard Java library to achieve this. Ensure that thread safety is considered where necessary. 
Write Java 8 code only. Output a single complete code block using ```java```. Do not include any explanations, comments, or extra text. Only output the code, nothing else. 
The total number of threads used in the program, including the main thread, must not exceed 2. Use a fixed thread pool or manually manage at most 1 additional threads beyond the main thread. Avoid unbounded thread creation or cached thread pools. 
Do not add any annotations."
Generating a second's worth of prime numbers. M0,"Please write a concurrent program in Java 8 that implements the following functionality: Write a Java program that generates prime numbers in a separate thread for a duration of one second and then cancels the generation process. The program should use a volatile variable to manage the cancellation state, store the generated first 10 prime numbers in a thread-safe list, and provide a method to retrieve the collected primes. Use an ExecutorService or Thread to manage the thread execution. The PrimeGenerator class should implement Runnable, include methods to start and cancel the generation, and ensure proper synchronization when accessing shared data. The requirements are as follows:

All classes and methods must be defined within a single .java file;
The program must include a public static void main(String[] args) method as the entry point;
No external libraries or dependencies should be used;
The code should be clear, well-structured, and follow Java 8 syntax standards;
If multiple classes are needed, they should all be placed in the same file, with non-public classes defined using the class keyword. 
The implementation must use multithreading to perform tasks concurrently. You may use Thread, Runnable, or ExecutorService from the standard Java library to achieve this. Ensure that thread safety is considered where necessary. 
Write Java 8 code only. Output a single complete code block using ```java```. Do not include any explanations, comments, or extra text. Only output the code, nothing else. 
The total number of threads used in the program, including the main thread, must not exceed 2. Use a fixed thread pool or manually manage at most 1 additional threads beyond the main thread. Avoid unbounded thread creation or cached thread pools. 
Do not add any annotations."
Using interruption for cancellation. M0,"Please write a concurrent program in Java 8 that implements the following functionality: ""Write a Java 8 program that uses a BlockingQueue to implement a producer-consumer pattern for generating and consuming prime numbers. The program should: 

Define a PrimeProducer class that extends Thread.
The producer should generate a specified number of prime numbers using BigInteger.nextProbablePrime() and put them into the queue.
It should stop when it has produced the requested number of primes or if interrupted.
A consumer thread should read from the same queue, print each prime number as it is consumed, and stop after processing all generated primes.
The main method should start both threads, wait for the consumer to finish, then signal the producer to stop and wait for it to finish.
Use proper error handling for interruptions.
Make sure the code is thread-safe and uses Java 8 features appropriately."" 
Ensure proper handling of thread interruption to allow clean termination. The requirements are as follows:

All classes and methods must be defined within a single .java file;
The program must include a public static void main(String[] args) method as the entry point;
No external libraries or dependencies should be used;
The code should be clear, well-structured, and follow Java 8 syntax standards;
If multiple classes are needed, they should all be placed in the same file, with non-public classes defined using the class keyword. 
The implementation must use multithreading to perform tasks concurrently. You may use Thread, Runnable, or ExecutorService from the standard Java library to achieve this. Ensure that thread safety is considered where necessary. 
Write Java 8 code only. Output a single complete code block using ```java```. Do not include any explanations, comments, or extra text. Only output the code, nothing else. 
The total number of threads used in the program, including the main thread, must not exceed 3. Use a fixed thread pool or manually manage at most 2 additional threads beyond the main thread. Avoid unbounded thread creation or cached thread pools. 
Do not add any annotations."
Waiting for results to be calculated in parallel. M0,"Please write a concurrent program in Java 8 that implements the following functionality: Write Java code that transforms sequential execution into parallel execution using an Executor. The code should include two main processing methods: one that processes a list of elements sequentially by iterating and processing each element in turn, and another that submits each element for parallel processing via an executor. Additionally, implement recursive versions of both sequential and parallel processing methods that traverse a tree structure of nodes, computing results and collecting them in a thread-safe manner. The parallel version should properly utilize an ExecutorService to execute tasks concurrently, ensure all tasks complete before returning the final result collection, and use appropriate concurrency utilities for thread safety. Define interfaces Element and Node, where Node supports computation and retrieval of child nodes. Ensure the design follows good abstraction principles and includes proper generic typing. The requirements are as follows:

All classes and methods must be defined within a single .java file;
The program must include a public static void main(String[] args) method as the entry point;
No external libraries or dependencies should be used;
The code should be clear, well-structured, and follow Java 8 syntax standards;
If multiple classes are needed, they should all be placed in the same file, with non-public classes defined using the class keyword. 
The implementation must use multithreading to perform tasks concurrently. You may use Thread, Runnable, or ExecutorService from the standard Java library to achieve this. Ensure that thread safety is considered where necessary.
Write Java 8 code only. Output a single complete code block using ```java```. Do not include any explanations, comments, or extra text. Only output the code, nothing else. 
The total number of threads used in the program, including the main thread, must not exceed 3. Use a fixed thread pool or manually manage at most 2 additional threads beyond the main thread. Avoid unbounded thread creation or cached thread pools. 
Do not add any annotations."
Inducing a lock ordering to avoid deadlock. M0,"Please write a concurrent program in Java 8 that implements the following functionality: Write a Java program that performs a thread-safe money transfer between two accounts while avoiding deadlock by inducing a consistent lock ordering. The program should use the account object's identity hash code to determine the lock acquisition order. If both accounts have the same hash code, introduce a secondary tie-breaking lock to ensure consistent locking and prevent deadlock. Implement a helper class to carry out the actual transfer logic, which checks for sufficient funds before performing the debit and credit operations. Define interfaces for Account and DollarAmount, and include an exception class for insufficient funds scenarios. The requirements are as follows:

All classes and methods must be defined within a single .java file;
The program must include a public static void main(String[] args) method as the entry point;
No external libraries or dependencies should be used;
The code should be clear, well-structured, and follow Java 8 syntax standards;
If multiple classes are needed, they should all be placed in the same file, with non-public classes defined using the class keyword. 
The implementation must use multithreading to perform tasks concurrently. You may use Thread, Runnable, or ExecutorService from the standard Java library to achieve this. Ensure that thread safety is considered where necessary. 
Write Java 8 code only. Output a single complete code block using ```java```. Do not include any explanations, comments, or extra text. Only output the code, nothing else. 
The total number of threads used in the program, including the main thread, must not exceed 3. Use a fixed thread pool or manually manage at most 2 additional threads beyond the main thread. Avoid unbounded thread creation or cached thread pools. 
Do not add any annotations."
Candidate for lock elision. M0,"Please write a concurrent program in Java 8 that implements the following functionality: Create a Java class named ThreeStooges that represents an immutable collection of the names of the Three Stooges: ""Moe"", ""Larry"", and ""Curly"". The class should provide two methods:

A method isStooge(String name) that returns true if the given name is one of the Three Stooges, and false otherwise.
A method getStoogeNames() that returns a string representation of a list containing the names of the Three Stooges in the order ""Moe"", ""Larry"", ""Curly"".
Ensure that all fields are properly encapsulated and that the class cannot be modified after construction. Do not make the class thread-unsafe; however, avoid unnecessary synchronization where possible. The requirements are as follows:

All classes and methods must be defined within a single .java file;
The program must include a public static void main(String[] args) method as the entry point;
No external libraries or dependencies should be used;
The code should be clear, well-structured, and follow Java 8 syntax standards;
If multiple classes are needed, they should all be placed in the same file, with non-public classes defined using the class keyword. 
The implementation must use multithreading to perform tasks concurrently. You may use Thread, Runnable, or ExecutorService from the standard Java library to achieve this. Ensure that thread safety is considered where necessary. 
Write Java 8 code only. Output a single complete code block using ```java```. Do not include any explanations, comments, or extra text. Only output the code, nothing else. 
The total number of threads used in the program, including the main thread, must not exceed 3. Use a fixed thread pool or manually manage at most 2 additional threads beyond the main thread. Avoid unbounded thread creation or cached thread pools. 
Do not add any annotations."
Hash-based map using lock striping. M0,"Please write a concurrent program in Java 8 that implements the following functionality: Create a Java class called StripedMap that implements a hash-based map using lock striping for concurrency control. The map should use an array of buckets to store key-value pairs, and an array of lock objects to synchronize access to the buckets. Each bucket at index n should be guarded by the lock at index n % N_LOCKS, where N_LOCKS is a constant set to 16. Implement a static inner class Node to represent entries in the map, with fields for the key, value, and a reference to the next node in case of collisions. Include a constructor that initializes the number of buckets, and methods for computing the hash index, retrieving values based on a key, and clearing all entries from the map. Ensure thread safety by synchronizing on the appropriate lock object in both the get and clear methods. The requirements are as follows:

All classes and methods must be defined within a single .java file;
The program must include a public static void main(String[] args) method as the entry point;
No external libraries or dependencies should be used;
The code should be clear, well-structured, and follow Java 8 syntax standards;
If multiple classes are needed, they should all be placed in the same file, with non-public classes defined using the class keyword. 
The implementation must use multithreading to perform tasks concurrently. You may use Thread, Runnable, or ExecutorService from the standard Java library to achieve this. Ensure that thread safety is considered where necessary. 
Write Java 8 code only. Output a single complete code block using ```java```. Do not include any explanations, comments, or extra text. Only output the code, nothing else. 
The total number of threads used in the program, including the main thread, must not exceed 5. Use a fixed thread pool or manually manage at most 4 additional threads beyond the main thread. Avoid unbounded thread creation or cached thread pools. 
Do not add any annotations."
Bounded buffer using Semaphore. M0,"Please write a concurrent program in Java 8 that implements the following functionality: Create a Java implementation of a bounded buffer (circular buffer) using semaphores for synchronization. The buffer should support concurrent access from multiple threads, ensuring thread-safe insertion and removal operations. Use two semaphores to track the number of available items and remaining spaces in the buffer. Implement methods put(E x) to insert an item into the buffer and take() to remove and return an item from the buffer, both blocking when necessary until space or data becomes available. Also include helper methods isEmpty() and isFull() to check the current state of the buffer. Ensure that internal buffer manipulation is synchronized to prevent race conditions during concurrent access. The requirements are as follows:

All classes and methods must be defined within a single .java file;
The program must include a public static void main(String[] args) method as the entry point;
No external libraries or dependencies should be used;
The code should be clear, well-structured, and follow Java 8 syntax standards;
If multiple classes are needed, they should all be placed in the same file, with non-public classes defined using the class keyword. 
The implementation must use multithreading to perform tasks concurrently. You may use Thread, Runnable, or ExecutorService from the standard Java library to achieve this. Ensure that thread safety is considered where necessary. 
Write Java 8 code only. Output a single complete code block using ```java```. Do not include any explanations, comments, or extra text. Only output the code, nothing else. 
The total number of threads used in the program, including the main thread, must not exceed 3. Use a fixed thread pool or manually manage at most 2 additional threads beyond the main thread. Avoid unbounded thread creation or cached thread pools. 
Do not add any annotations."
Avoiding lock-ordering deadlock using try Lock. M0,"Please write a concurrent program in Java 8 that implements the following functionality: Write a Java program that implements a deadlock avoidance mechanism for transferring money between two accounts. The program should use ReentrantLock to prevent deadlocks when acquiring locks on the source and destination accounts. Instead of blocking indefinitely, the implementation should utilize the tryLock() method with a timeout and random backoff strategy to attempt acquiring the locks. If both account locks are successfully acquired, the transfer should proceed only if the source account has sufficient funds; otherwise, an InsufficientFundsException is thrown. If the timeout period elapses before both locks can be acquired, the method should return false. The transfer method should accept parameters for the source account, destination account, amount to transfer, timeout duration, and time unit. Additionally, include nested classes for DollarAmount and Account, along with the custom exception InsufficientFundsException. Implement helper methods for calculating fixed and random delay components to be used before retrying the lock acquisition. The requirements are as follows:

All classes and methods must be defined within a single .java file;
The program must include a public static void main(String[] args) method as the entry point;
No external libraries or dependencies should be used;
The code should be clear, well-structured, and follow Java 8 syntax standards;
If multiple classes are needed, they should all be placed in the same file, with non-public classes defined using the class keyword. 
The implementation must use multithreading to perform tasks concurrently. You may use Thread, Runnable, or ExecutorService from the standard Java library to achieve this. Ensure that thread safety is considered where necessary. 
Write Java 8 code only. Output a single complete code block using ```java```. Do not include any explanations, comments, or extra text. Only output the code, nothing else. 
The total number of threads used in the program, including the main thread, must not exceed 3. Use a fixed thread pool or manually manage at most 2 additional threads beyond the main thread. Avoid unbounded thread creation or cached thread pools. 
Do not add any annotations."
Wrapping a Map with a read-write lock. M0,"Please write a concurrent program in Java 8 that implements the following functionality: Create a Java class called ReadWriteMap that wraps a standard Map and provides thread-safe access using a read-write lock mechanism. The class should allow multiple readers or a single writer at any given time. Use ReentrantReadWriteLock from the java.util.concurrent.locks package to control access. For all write operations (put, remove, putAll, clear), acquire the write lock, and for all read operations (get, size, isEmpty, containsKey, containsValue), acquire the read lock. Ensure that locks are always released after each operation using try-finally blocks. The constructor should accept an existing Map instance to wrap. The requirements are as follows:

All classes and methods must be defined within a single .java file;
The program must include a public static void main(String[] args) method as the entry point;
No external libraries or dependencies should be used;
The code should be clear, well-structured, and follow Java 8 syntax standards;
If multiple classes are needed, they should all be placed in the same file, with non-public classes defined using the class keyword. 
The implementation must use multithreading to perform tasks concurrently. You may use Thread, Runnable, or ExecutorService from the standard Java library to achieve this. Ensure that thread safety is considered where necessary. 
Write Java 8 code only. Output a single complete code block using ```java```. Do not include any explanations, comments, or extra text. Only output the code, nothing else. 
The total number of threads used in the program, including the main thread, must not exceed 4. Use a fixed thread pool or manually manage at most 3 additional threads beyond the main thread. Avoid unbounded thread creation or cached thread pools. 
Do not add any annotations."
Simulated CAS operation. M0,"Please write a concurrent program in Java 8 that implements the following functionality: Write a Java class called SimulatedCAS that simulates the behavior of a Compare-and-Swap (CAS) operation, which is commonly used in concurrent programming for atomic updates. The class should maintain an internal integer value and provide thread-safe methods to interact with it.

The class should include:

A private integer field value to store the current value.
A synchronized get() method that returns the current value.
A synchronized compareAndSwap(int expectedValue, int newValue) method that checks if the current value matches the expectedValue. If it does, it updates the value to newValue; otherwise, it leaves the value unchanged. This method should return the original (old) value before any potential update.
A synchronized compareAndSet(int expectedValue, int newValue) method that uses compareAndSwap() to determine whether the value was successfully updated. It should return true if the value was changed (i.e., if the old value matched the expected value), and false otherwise.
Ensure that all methods are thread-safe using the synchronized keyword to prevent race conditions when accessed by multiple threads concurrently. The requirements are as follows:

All classes and methods must be defined within a single .java file;
The program must include a public static void main(String[] args) method as the entry point;
No external libraries or dependencies should be used;
The code should be clear, well-structured, and follow Java 8 syntax standards;
If multiple classes are needed, they should all be placed in the same file, with non-public classes defined using the class keyword. 
The implementation must use multithreading to perform tasks concurrently. You may use Thread, Runnable, or ExecutorService from the standard Java library to achieve this. Ensure that thread safety is considered where necessary. 
Write Java 8 code only. Output a single complete code block using ```java```. Do not include any explanations, comments, or extra text. Only output the code, nothing else. 
The total number of threads used in the program, including the main thread, must not exceed 2. Use a fixed thread pool or manually manage at most 1 additional threads beyond the main thread. Avoid unbounded thread creation or cached thread pools. 
Do not add any annotations."
Nonblocking stack using Treiber's algorithm. M0,"Please write a concurrent program in Java 8 that implements the following functionality: Write a Java class implementing a thread-safe, non-blocking stack using Treiber's algorithm. The stack should support concurrent push and pop operations without using locks. Use AtomicReference to manage the top of the stack and ensure atomicity during modifications. Include a nested static Node class to represent each element in the stack, with each node containing an item and a reference to the next node. The push method should atomically update the top of the stack to add a new node, and the pop method should remove and return the top element if the stack is not empty, also in an atomic manner using compare-and-set semantics. Provide a main method that demonstrates the functionality of the stack by creating a fixed-size thread pool and submitting multiple tasks that concurrently perform push and pop operations. Each task should push five integers onto the stack and then pop five times, printing out each operation. Ensure proper synchronization so that the main method waits for all threads to finish before printing a completion message. The requirements are as follows:

All classes and methods must be defined within a single .java file;
The program must include a public static void main(String[] args) method as the entry point;
No external libraries or dependencies should be used;
The code should be clear, well-structured, and follow Java 8 syntax standards;
If multiple classes are needed, they should all be placed in the same file, with non-public classes defined using the class keyword. 
The implementation must use multithreading to perform tasks concurrently. You may use Thread, Runnable, or ExecutorService from the standard Java library to achieve this. Ensure that thread safety is considered where necessary. 
Write Java 8 code only. Output a single complete code block using ```java```. Do not include any explanations, comments, or extra text. Only output the code, nothing else. 
The total number of threads used in the program, including the main thread, must not exceed 4. Use a fixed thread pool or manually manage at most 3 additional threads beyond the main thread. Avoid unbounded thread creation or cached thread pools. 
Do not add any annotations."
Thread-safe lazy initialization. M0,"Please write a concurrent program in Java 8 that implements the following functionality: Create a thread-safe lazy initialization implementation in Java. The class should ensure that a resource is only instantiated when it is first requested, and the initialization must be synchronized to prevent race conditions in a multi-threaded environment. Use a static method to provide access to the shared instance of the resource. Do not use double-checked locking; instead, rely on coarse-grained synchronization to keep the implementation simple and safe. Also, define a placeholder nested Resource class that represents the lazily initialized resource. The requirements are as follows:

All classes and methods must be defined within a single .java file;
The program must include a public static void main(String[] args) method as the entry point;
No external libraries or dependencies should be used;
The code should be clear, well-structured, and follow Java 8 syntax standards;
If multiple classes are needed, they should all be placed in the same file, with non-public classes defined using the class keyword. 
The implementation must use multithreading to perform tasks concurrently. You may use Thread, Runnable, or ExecutorService from the standard Java library to achieve this. Ensure that thread safety is considered where necessary. 
Write Java 8 code only. Output a single complete code block using ```java```. Do not include any explanations, comments, or extra text. Only output the code, nothing else. 
The total number of threads used in the program, including the main thread, must not exceed 4. Use a fixed thread pool or manually manage at most 3 additional threads beyond the main thread. Avoid unbounded thread creation or cached thread pools. 
Do not add any annotations."
Eager initialization. M0,"Please write a concurrent program in Java 8 that implements the following functionality: Write a Java program that demonstrates eager initialization of a singleton resource. The program should include a class with a static instance of the resource that is created at the time of class loading. Provide a static method to retrieve this instance. The resource class should have a simple method (e.g., doSomething) that outputs a message to the console. In the main method, create and start multiple threads that access the shared resource and invoke the doSomething method. Ensure all threads complete before printing a final message indicating completion. The requirements are as follows:

All classes and methods must be defined within a single .java file;
The program must include a public static void main(String[] args) method as the entry point;
No external libraries or dependencies should be used;
The code should be clear, well-structured, and follow Java 8 syntax standards;
If multiple classes are needed, they should all be placed in the same file, with non-public classes defined using the class keyword. 
The implementation must use multithreading to perform tasks concurrently. You may use Thread, Runnable, or ExecutorService from the standard Java library to achieve this. Ensure that thread safety is considered where necessary. 
Write Java 8 code only. Output a single complete code block using ```java```. Do not include any explanations, comments, or extra text. Only output the code, nothing else. 
The total number of threads used in the program, including the main thread, must not exceed 4. Use a fixed thread pool or manually manage at most 3 additional threads beyond the main thread. Avoid unbounded thread creation or cached thread pools. 
Do not add any annotations."
Lazy initialization holder class idiom. M0,"Please write a concurrent program in Java 8 that implements the following functionality: Create a Java program that implements a thread-safe singleton pattern using a static nested class to lazily initialize a resource. The main class should provide a public static method to access the singleton instance. Simulate resource initialization by adding a delay in the constructor and assign a unique ID to each instance using its identity hash code. Include a main method that starts multiple threads to concurrently access the singleton resource and print its ID along with the thread name. Ensure that only one instance of the resource is created, even under multi-threaded conditions. The requirements are as follows:

All classes and methods must be defined within a single .java file;
The program must include a public static void main(String[] args) method as the entry point;
No external libraries or dependencies should be used;
The code should be clear, well-structured, and follow Java 8 syntax standards;
If multiple classes are needed, they should all be placed in the same file, with non-public classes defined using the class keyword. 
The implementation must use multithreading to perform tasks concurrently. You may use Thread, Runnable, or ExecutorService from the standard Java library to achieve this. Ensure that thread safety is considered where necessary. 
Write Java 8 code only. Output a single complete code block using ```java```. Do not include any explanations, comments, or extra text. Only output the code, nothing else. 
The total number of threads used in the program, including the main thread, must not exceed 3. Use a fixed thread pool or manually manage at most 2 additional threads beyond the main thread. Avoid unbounded thread creation or cached thread pools. 
Do not add any annotations."
Simple thread-safe counter using the Java monitor pattern. M0,"Please write a concurrent program in Java 8 that implements the following functionality: Write a thread-safe Counter class in Java using the monitor pattern, where all methods are synchronized to ensure safe access from multiple threads. The class should have a private long field named value initialized to 0. It must provide two synchronized methods: getValue() returns the current value, and increment() increases the value by one and returns it. If the value is already at Long.MAX_VALUE, increment() should throw an IllegalStateException with the message ""counter overflow"". Keep the implementation simple and avoid any external annotations or dependencies. The requirements are as follows:

All classes and methods must be defined within a single .java file;
The program must include a public static void main(String[] args) method as the entry point;
No external libraries or dependencies should be used;
The code should be clear, well-structured, and follow Java 8 syntax standards;
If multiple classes are needed, they should all be placed in the same file, with non-public classes defined using the class keyword. 
The implementation must use multithreading to perform tasks concurrently. You may use Thread, Runnable, or ExecutorService from the standard Java library to achieve this. Ensure that thread safety is considered where necessary. 
Write Java 8 code only. Output a single complete code block using ```java```. Do not include any explanations, comments, or extra text. Only output the code, nothing else. 
The total number of threads used in the program, including the main thread, must not exceed 3. Use a fixed thread pool or manually manage at most 2 additional threads beyond the main thread. Avoid unbounded thread creation or cached thread pools. 
Do not add any annotations."
Monitor-based vehicle tracker implementation. M0,"Please write a concurrent program in Java 8 that implements the following functionality: Write a thread-safe MonitorVehicleTracker class in Java that tracks the locations of vehicles using a synchronized map. The class should take an initial Map<String, MutablePoint> in its constructor and make a deep copy of it to prevent external modification. All public methods must be synchronized to ensure thread safety. Implement a getLocations() method that returns an unmodifiable deep copy of the entire map. Also provide a getLocation(String id) method that returns a new MutablePoint copy of the location for the given ID, or null if not found. Include a setLocation(String id, int x, int y) method that updates the coordinates for the specified vehicle and throws an IllegalArgumentException if the ID is not present. Use a private static deepCopy method to create a new map with copies of all MutablePoint values. The requirements are as follows:

All classes and methods must be defined within a single .java file;
The program must include a public static void main(String[] args) method as the entry point;
No external libraries or dependencies should be used;
The code should be clear, well-structured, and follow Java 8 syntax standards;
If multiple classes are needed, they should all be placed in the same file, with non-public classes defined using the class keyword.
The implementation must use multithreading to perform tasks concurrently. You may use Thread, Runnable, or ExecutorService from the standard Java library to achieve this. Ensure that thread safety is considered where necessary.
Write Java 8 code only. Output a single complete code block using ```java```. Do not include any explanations, comments, or extra text. Only output the code, nothing else. 
The total number of threads used in the program, including the main thread, must not exceed 3. Use a fixed thread pool or manually manage at most 2 additional threads beyond the main thread. Avoid unbounded thread creation or cached thread pools. 
Do not add any annotations."
Using Semaphore to bound a collection. M0,"Please write a concurrent program in Java 8 that implements the following functionality: Write a generic BoundedHashSet<T> class in Java that uses a Semaphore to limit the number of elements it can hold. The class should internally use a thread-safe Set<T> (such as Collections.synchronizedSet(new HashSet<>())) and a fixed-size Semaphore initialized with the given bound. The add(T o) method must acquire a permit from the semaphore before attempting to add an element; if the addition fails, the permit should be released back. If successful, the permit is not released — it's considered consumed until the element is removed. The remove(Object o) method should remove the element from the set and release a permit if the removal was successful. Both methods should handle synchronization and resource management correctly. The requirements are as follows:

All classes and methods must be defined within a single .java file;
The program must include a public static void main(String[] args) method as the entry point;
No external libraries or dependencies should be used;
The code should be clear, well-structured, and follow Java 8 syntax standards;
If multiple classes are needed, they should all be placed in the same file, with non-public classes defined using the class keyword.
The implementation must use multithreading to perform tasks concurrently. You may use Thread, Runnable, or ExecutorService from the standard Java library to achieve this. Ensure that thread safety is considered where necessary. 
Write Java 8 code only. Output a single complete code block using ```java```. Do not include any explanations, comments, or extra text. Only output the code, nothing else. 
The total number of threads used in the program, including the main thread, must not exceed 5. Use a fixed thread pool or manually manage at most 4 additional threads beyond the main thread. Avoid unbounded thread creation or cached thread pools. 
Do not add any annotations."
Custom thread factory. M0,"Please write a concurrent program in Java 8 that implements the following functionality: Create a custom ThreadFactory implementation called MyThreadFactory that generates instances of a specialized thread class named MyAppThread. The factory should take a poolName string as a constructor argument and use it to identify the thread group or pool. The newThread(Runnable runnable) method must return a new instance of MyAppThread, passing in the provided Runnable and the poolName.
The requirements are as follows:

All classes and methods must be defined within a single .java file;
The program must include a public static void main(String[] args) method as the entry point;
No external libraries or dependencies should be used;
The code should be clear, well-structured, and follow Java 8 syntax standards;
If multiple classes are needed, they should all be placed in the same file, with non-public classes defined using the class keyword.
The implementation must use multithreading to perform tasks concurrently. You may use Thread, Runnable, or ExecutorService from the standard Java library to achieve this. Ensure that thread safety is considered where necessary. 
Write Java 8 code only. Output a single complete code block using ```java```. Do not include any explanations, comments, or extra text. Only output the code, nothing else. 
The total number of threads used in the program, including the main thread, must not exceed 6. Use a fixed thread pool or manually manage at most 5 additional threads beyond the main thread. Avoid unbounded thread creation or cached thread pools. 
Do not add any annotations."
Custom thread base class. M0,"Please write a concurrent program in Java 8 that implements the following functionality: Write a custom MyAppThread class that extends Thread and provides enhanced lifecycle tracking and error handling for application threads. The class should use a static String constant DEFAULT_NAME = ""MyAppThread"" as the default thread name prefix. Each thread should be assigned a unique name by appending an auto-incrementing number from a shared AtomicInteger. Set up an uncaught exception handler to log severe errors using a static Logger, including the thread name and exception details. Override the run() method to optionally log the creation and termination of each thread based on a static volatile boolean flag debugLifecycle. Also, maintain two atomic counters: one for total threads created (created) and one for currently active threads (alive). These counters should be updated in run(), with alive incremented before calling super.run() and decremented in a finally block. Provide public static getter methods for these counters and a setDebug(boolean) method to enable or disable debug logging. The requirements are as follows:

All classes and methods must be defined within a single .java file;
The program must include a public static void main(String[] args) method as the entry point;
No external libraries or dependencies should be used;
The code should be clear, well-structured, and follow Java 8 syntax standards;
If multiple classes are needed, they should all be placed in the same file, with non-public classes defined using the class keyword.
The implementation must use multithreading to perform tasks concurrently. You may use Thread, Runnable, or ExecutorService from the standard Java library to achieve this. Ensure that thread safety is considered where necessary. 
Write Java 8 code only. Output a single complete code block using ```java```. Do not include any explanations, comments, or extra text. Only output the code, nothing else. 
The total number of threads used in the program, including the main thread, must not exceed 6. Use a fixed thread pool or manually manage at most 5 additional threads beyond the main thread. Avoid unbounded thread creation or cached thread pools. 
Do not add any annotations."
Driver loop that induces deadlock under typical conditions. M0,"Please write a concurrent program in Java 8 that implements the following functionality: Write a Java class named DemonstrateDeadlock that simulates concurrent money transfers between multiple accounts to demonstrate the possibility of deadlock in multithreaded applications. The program should create a fixed number of threads (e.g., 2) and a fixed number of account objects (e.g., 5). Each thread performs a large number of random transfers (e.g., 10 iterations), selecting two random accounts and transferring a random amount using a method from a class called DynamicOrderDeadlock.transferMoney(Account from, Account to, DollarAmount amount). This method is expected to lock both accounts before performing the transfer and may throw an InsufficientFundsException, which should be caught and ignored. Each account is initialized with a default value and must be thread-safe or synchronized as needed. Use a nested static class TransferThread that extends Thread and implements the transfer logic. Use Random to generate random indices for accounts and amounts. 
The requirements are as follows:

All classes and methods must be defined within a single .java file;
The program must include a public static void main(String[] args) method as the entry point;
No external libraries or dependencies should be used;
The code should be clear, well-structured, and follow Java 8 syntax standards;
If multiple classes are needed, they should all be placed in the same file, with non-public classes defined using the class keyword.
The implementation must use multithreading to perform tasks concurrently. You may use Thread, Runnable, or ExecutorService from the standard Java library to achieve this. Ensure that thread safety is considered where necessary. 
Write Java 8 code only. Output a single complete code block using ```java```. Do not include any explanations, comments, or extra text. Only output the code, nothing else. 
The total number of threads used in the program, including the main thread, must not exceed 3. Use a fixed thread pool or manually manage at most 2 additional threads beyond the main thread. Avoid unbounded thread creation or cached thread pools. 
Do not add any annotations."
Reducing lock duration. M0,"Please write a concurrent program in Java 8 that implements the following functionality: Write a class named BetterAttributeStore that stores user attributes in a Map<String, String>, where keys follow a format like ""users.name.location"". The class should provide a method userLocationMatches(String name, String regexp) that retrieves the location attribute for a given user and checks whether it matches a regular expression using Pattern.matches(). To ensure thread safety when accessing the map, use a synchronized block on the instance (this) to read the value from the map. If the key is not present or the value is null, the method should return false. The requirements are as follows:

All classes and methods must be defined within a single .java file;
The program must include a public static void main(String[] args) method as the entry point;
No external libraries or dependencies should be used;
The code should be clear, well-structured, and follow Java 8 syntax standards;
If multiple classes are needed, they should all be placed in the same file, with non-public classes defined using the class keyword.
The implementation must use multithreading to perform tasks concurrently. You may use Thread, Runnable, or ExecutorService from the standard Java library to achieve this. Ensure that thread safety is considered where necessary. 
Write Java 8 code only. Output a single complete code block using ```java```. Do not include any explanations, comments, or extra text. Only output the code, nothing else. 
The total number of threads used in the program, including the main thread, must not exceed 5. Use a fixed thread pool or manually manage at most 4 additional threads beyond the main thread. Avoid unbounded thread creation or cached thread pools. 
Do not add any annotations."
Candidate for lock splitting. M0,"Please write a concurrent program in Java 8 that implements the following functionality: Write a class named ServerStatusBeforeSplit that maintains two sets of strings: one for users and one for queries. Both sets should be initialized in the constructor using HashSet<String>. All modification methods—such as adding or removing a user or query—should be synchronized on the instance (this) to ensure thread safety when multiple threads access the class concurrently. Provide four synchronized methods: addUser(String u), addQuery(String q), removeUser(String u), and removeQuery(String q)—each performing the corresponding operation on its respective set. The requirements are as follows:

All classes and methods must be defined within a single .java file;
The program must include a public static void main(String[] args) method as the entry point;
No external libraries or dependencies should be used;
The code should be clear, well-structured, and follow Java 8 syntax standards;
If multiple classes are needed, they should all be placed in the same file, with non-public classes defined using the class keyword.
The implementation must use multithreading to perform tasks concurrently. You may use Thread, Runnable, or ExecutorService from the standard Java library to achieve this. Ensure that thread safety is considered where necessary. 
Write Java 8 code only. Output a single complete code block using ```java```. Do not include any explanations, comments, or extra text. Only output the code, nothing else. 
The total number of threads used in the program, including the main thread, must not exceed 3. Use a fixed thread pool or manually manage at most 2 additional threads beyond the main thread. Avoid unbounded thread creation or cached thread pools. 
Do not add any annotations."
ServerStatus refactored to use split locks. M0,"Please write a concurrent program in Java 8 that implements the following functionality: Write a class named ServerStatusAfterSplit that maintains two sets of strings: one for users and one for queries. Both sets should be initialized in the constructor using HashSet<String>. To improve concurrency performance, each method that modifies a set should synchronize on the corresponding collection object (users or queries) rather than the entire instance. This allows multiple threads to modify different sets concurrently without blocking each other. Implement four methods: addUser(String u), addQuery(String q), removeUser(String u), and removeQuery(String q), each of which performs the appropriate operation on its respective set while holding the lock on that specific collection. The requirements are as follows:

All classes and methods must be defined within a single .java file;
The program must include a public static void main(String[] args) method as the entry point;
No external libraries or dependencies should be used;
The code should be clear, well-structured, and follow Java 8 syntax standards;
If multiple classes are needed, they should all be placed in the same file, with non-public classes defined using the class keyword.
The implementation must use multithreading to perform tasks concurrently. You may use Thread, Runnable, or ExecutorService from the standard Java library to achieve this. Ensure that thread safety is considered where necessary.
Write Java 8 code only. Output a single complete code block using ```java```. Do not include any explanations, comments, or extra text. Only output the code, nothing else. 
The total number of threads used in the program, including the main thread, must not exceed 3. Use a fixed thread pool or manually manage at most 2 additional threads beyond the main thread. Avoid unbounded thread creation or cached thread pools. 
Do not add any annotations."
Barrier-based timer. M0,"Please write a concurrent program in Java 8 that implements the following functionality: Write a thread-safe BarrierTimer class that implements the Runnable interface and is used to measure the time between two events in a concurrent environment. The class should have three instance variables: a boolean started, and two long values startTime and endTime. When the run() method is called, it records the current time using System.nanoTime(). If this is the first call (i.e., started is false), it sets started to true and stores the time as startTime. On subsequent calls, it updates endTime with the current time. Provide a clear() method that resets the timer by setting started back to false. Also provide a getTime() method that returns the difference between endTime and startTime, representing the elapsed time in nanoseconds. All methods must be synchronized to ensure thread safety. The requirements are as follows:

All classes and methods must be defined within a single .java file;
The program must include a public static void main(String[] args) method as the entry point;
No external libraries or dependencies should be used;
The code should be clear, well-structured, and follow Java 8 syntax standards;
If multiple classes are needed, they should all be placed in the same file, with non-public classes defined using the class keyword.
The implementation must use multithreading to perform tasks concurrently. You may use Thread, Runnable, or ExecutorService from the standard Java library to achieve this. Ensure that thread safety is considered where necessary. 
Write Java 8 code only. Output a single complete code block using ```java```. Do not include any explanations, comments, or extra text. Only output the code, nothing else. 
The total number of threads used in the program, including the main thread, must not exceed 3. Use a fixed thread pool or manually manage at most 2 additional threads beyond the main thread. Avoid unbounded thread creation or cached thread pools. 
Do not add any annotations."
Nonblocking counter using CAS. M0,"Please write a concurrent program in Java 8 that implements the following functionality: Write a thread-safe CasCounter class that uses a custom SimulatedCAS implementation to provide atomic increment functionality using the Compare-and-Swap (CAS) pattern. The CasCounter should have an internal SimulatedCAS field and expose two methods: getValue() which returns the current counter value, and increment() which atomically increments the value using a loop with CAS logic. The SimulatedCAS class must implement a compareAndSwap(int expected, int newValue) method that performs the swap only if the current value matches the expected one, returning the original value in both cases. The requirements are as follows:

All classes and methods must be defined within a single .java file;
The program must include a public static void main(String[] args) method as the entry point;
No external libraries or dependencies should be used;
The code should be clear, well-structured, and follow Java 8 syntax standards;
If multiple classes are needed, they should all be placed in the same file, with non-public classes defined using the class keyword.
The implementation must use multithreading to perform tasks concurrently. You may use Thread, Runnable, or ExecutorService from the standard Java library to achieve this. Ensure that thread safety is considered where necessary. 
Write Java 8 code only. Output a single complete code block using ```java```. Do not include any explanations, comments, or extra text. Only output the code, nothing else. 
The total number of threads used in the program, including the main thread, must not exceed 3. Use a fixed thread pool or manually manage at most 2 additional threads beyond the main thread. Avoid unbounded thread creation or cached thread pools. 
Do not add any annotations."